Word,Count
route,1554
you,594
your,592
out,506
rock,431
project,419
red,399
from,372
south,368
blue,359
west,352
love,351
two,334
dog,317
old,306
good,301
new,288
mr.,286
power,280
down,268
boy,251
just,249
tree,245
low,226
lost,221
buttress,221
free,216
super,216
over,213
get,211
full,210
gully,208
hot,197
pocket,191
edge,188
three,188
sun,180
sky,178
eye,173
fun,172
but,166
house,159
sweet,158
bolt,156
blood,154
groove,142
"route,",140
never,132
block,131
choss,128
fly,127
step,126
blues,125
los,121
who,121
got,121
brown,120
butt,119
beer,119
upper,118
gold,118
show,114
bulge,114
street,113
gun,112
boys,111
book,109
sex,108
here,106
foot,105
cold,105
cool,105
feet,105
better,103
run,102
prow,101
jesus,101
best,100
school,99
home,97
rope,96
cheese,94
pump,93
cross,93
goes,93
club,93
soul,92
where,91
dr.,90
box,90
through,87
shot,85
bush,85
four,85
drop,84
secret,84
eyes,83
wet,82
rose,81
number,80
god,80
lower,79
creek,78
dogs,78
roll,77
return,77
cowboy,77
route),76
jump,76
bloody,75
express,74
summer,74
jugs,74
see,73
joe,72
holy,71
moss,70
nuts,70
loose,69
pretty,68
smoke,68
lucky,68
young,68
pockets,68
bolts,67
dry,67
jug,67
country,67
body,66
perfect,66
5.8,65
bob,65
move,65
job,65
you're,64
shoes,64
come,64
bee,64
bull,64
mouth,64
mouse,63
southwest,63
cow,63
hueco,62
wolf,62
flow,61
ground,61
egg,61
hold,61
nest,61
slot,60
5.9,60
pull,60
test,60
hollow,59
pop,59
funky,58
zero,58
room,57
ghost,57
cut,57
mystery,57
how,56
solo,56
dust,56
journey,55
burn,55
sloper,54
butter,54
bunny,54
rocket,53
slow,53
nut,53
sheep,53
lunch,53
grey,53
turkey,52
rocks,52
she,52
check,52
does,51
(project),51
sound,51
look,50
hook,49
fever,49
duck,49
true,49
joy,49
mud,49
spot,49
western,48
steps,48
some,48
5.10,48
hero,47
bomb,46
keep,46
5.7,46
'em,46
scoop,45
soup,45
sunset,45
wood,45
psycho,45
punch,44
bolted,44
5.6,44
guy,44
next,44
bob's,44
bucket,44
smooth,43
butterfly,43
cherry,43
future,43
cloud,42
freedom,42
speed,42
frog,42
owl,42
ugly,41
lunge,41
c'est,41
sunny,41
thumb,41
cry,40
our,40
syndrome,40
food,40
her,40
funk,39
post,39
bowl,39
why,39
rest,39
where's,39
hey,38
turn,38
pet,38
stem,38
steep,38
comes,37
stuff,37
booty,37
gym,37
need,37
mushroom,37
knee,37
fox,37
moose,37
eggs,37
project),37
dos,37
hour,37
chute,36
round,36
hug,36
shoe,36
teeth,35
buckets,35
bug,35
folly,35
mossy,35
weg,35
flower,35
fresh,35
(v+),35
root,35
truth,35
hope,34
"me,",34
lock,34
woods,34
gets,34
hop,34
rough,34
rusty,33
buzz,33
shock,33
blow,33
pot,33
redneck,33
bus,33
chuck,33
scout,33
betty,33
guns,33
coyote,33
rubber,32
fuck,32
trust,32
moves,32
put,32
mom,32
dome,32
hog,32
dope,32
tube,32
boots,32
101,32
hunter,32
much,32
tres,32
st.,31
boom,31
routes,31
shower,31
voodoo,31
boss,31
mrs.,31
fools,30
eyed,30
pete's,30
fuzzy,30
poop,30
pussy,30
runner,30
2nd,30
slope,30
throw,30
pool,30
fury,30
empty,29
peter,29
sol,29
ego,29
close,29
burnt,29
drug,29
fool,29
must,29
drunk,29
rhythm,29
own,29
puppy,29
crow,29
sur,29
pro,29
bump,29
goose,29
needs,29
beef,28
press,28
were,28
use,28
loco,28
key,28
trees,28
puff,28
gypsy,28
cup,28
crown,28
chop,28
kung,28
most,28
cock,27
slug,27
yer,27
shut,27
shoot,27
doom,27
sour,27
very,27
who's,27
ol',27
hollywood,27
5.11,27
brush,27
loves,27
guys,27
sexy,26
bow,26
effect,26
ever,26
cheek,26
rush,26
6b+,26
yet,26
reverse,26
try,26
jolly,25
troll,25
brew,25
surfer,25
hungry,25
buster,25
clown,25
luck,25
count,25
lover,25
buck,25
shop,25
und,25
"project,",25
bold,25
pure,24
blunt,24
hood,24
pee,24
cube,24
rocky,24
blueberry,24
every,24
(1st,24
meets,23
gut,23
stud,23
groovy,23
burger,23
turd,23
thought,23
hobo,23
jet,23
meet,23
exposure,23
hump,23
gumby,23
church,23
neck,23
bluff,23
holds,23
push,23
crest,22
weed,22
"up,",22
column,22
lust,22
could,22
system,22
"good,",22
pressure,22
crunch,22
bum,22
dumb,22
gods,22
heroes,22
spur,22
steve,22
echo,22
youth,22
gem,22
stroll,22
punk,22
she's,21
"you,",21
web,21
(lower,21
pepper,21
sloth,21
beers,21
follow,21
hurt,21
bye,21
cove,21
buddy,21
lot,21
100,21
hut,21
'n',21
turbo,21
junk,21
skull,21
mercy,20
crooked,20
joe's,20
ext.,20
breeze,20
suck,20
cover,20
1st,20
surf,20
bound,20
burly,20
stuck,20
mount,20
fern,20
hunt,20
flyer,20
como,20
fred,20
crusher,20
dutch,19
clouds,19
found,19
grunt,19
looks,19
bro,19
bosch,19
blocks,19
curve,19
jr.,19
odyssey,19
boot,19
slopers,19
dusty,19
buns,19
tuff,19
row,19
mt.,18
plus,18
huck,18
surgery,18
would,18
hex,18
funny,18
should,18
pour,18
cowboys,18
vulture,18
lounge,18
socks,18
couch,18
pete,18
slopey,18
log,18
culture,18
secrets,18
hooker,18
outer,18
trout,18
jerry,18
stress,17
hung,17
truck,17
chump,17
freeze,17
zoo,17
court,17
ms.,17
gecko,17
sloppy,17
lucy,17
pope,17
fully,17
ewe,17
dyke,17
few,17
stroke,17
mojo,17
doubt,17
(p1),16
bed,16
4th,16
meth,16
doug,16
vs.,16
screw,16
thug,16
lung,16
duty,16
those,16
moe,16
goodbye,16
boo,16
fourth,16
feed,16
county,16
fest,16
we're,16
coco,16
coup,16
knees,16
lovers,16
fool's,16
lose,16
crows,16
cows,15
huecos,15
rescue,15
5.5,15
berry,15
frogs,15
humpty,15
(v),15
bruce,15
crew,15
ruby,15
bud,15
"buttress,",15
bomber,15
hooks,15
rooster,15
wee,15
burner,15
turf,15
proud,15
slut,15
o'clock,15
chubby,15
bully,15
stretch,15
sure,15
crowd,15
plum,15
3rd,15
plug,15
sucker,15
cop,15
doesn't,15
est,15
trunk,15
pound,15
september,15
nerve,14
curse,14
nugget,14
hookers,14
scotty,14
bop,14
roots,14
reed,14
lobster,14
puss,14
jour,14
course,14
numbers,14
thumbs,14
fog,14
doll,14
thoughts,14
closet,14
negro,14
"rock,",14
buy,14
edges,14
"show,",14
coeur,14
supreme,14
god's,14
rey,14
coke,14
bees,14
ojo,14
bobby,13
unkown,13
5th,13
butcher,13
choo,13
clutch,13
muerte,13
bog,13
booze,13
(from,13
dumpster,13
mess,13
czech,13
rogue,13
huevos,13
curly,13
woody,13
flows,13
spy,13
flu,13
loss,13
hunger,13
"down,",13
(?),13
july,13
wedge,13
prey,13
oyster,13
method,13
dump,13
smokey,13
process,13
both,13
poo,13
doo,13
closed,13
remember,13
womb,13
pepe,13
nurse,13
cutter,13
steve's,13
une,13
golf,12
dodge,12
drum,12
perch,12
scum,12
grunge,12
reef,12
bombs,12
(free),12
...,12
success,12
col,12
such,12
group,12
here's,12
flowers,12
sheer,12
per,12
socket,12
jerry's,12
set,12
crux,12
peyote,12
stew,12
rum,12
boob,12
seed,12
curry,12
boxer,12
holly,12
lou,12
grumpy,12
5c+,12
sock,12
"club,",12
booger,12
6c+,12
shotgun,12
burns,12
skunk,12
frosty,12
bust,12
wow,12
boyz,12
fry,12
curl,12
gunks,12
drugs,12
eve,12
sud,12
crush,12
rex,12
mummy,12
gros,12
hugs,12
respect,12
surplomb,12
tub,12
sucks,12
scotch,12
fur,12
vultures,11
pumped,11
mucho,11
sue,11
shout,11
loch,11
hose,11
proper,11
punks,11
judge,11
otter,11
bury,11
seeds,11
everybody,11
th…,11
hershey,11
possum,11
chest,11
stump,11
yes,11
buffet,11
rob's,11
5.10c,11
luke,11
cub,11
pod,11
pollo,11
powered,11
sheets,11
gulch,11
clock,11
puppet,11
culo,11
"gully,",11
yum,11
flush,11
plunge,11
lulu,11
hemlock,11
dose,11
2.0,11
guts,11
tee,11
"edge,",11
doc,11
molly,11
rod,11
frosted,11
dog's,11
broke,11
wowee,11
zowee,11
poke,11
wolves,11
news,11
comedy,11
jeff,11
loop,11
floss,11
gutter,11
keeper,11
poker,11
spotted,11
rojo,11
scott's,11
hombre,11
buff,11
breed,11
lumpy,11
prom,11
crust,11
2000,11
geek,10
rust,10
due,10
syrup,10
pokey,10
counter,10
joke,10
sober,10
techo,10
scott,10
returns,10
ups,10
moth,10
spud,10
hurts,10
hum,10
progress,10
jerk,10
fungus,10
pow,10
cough,10
closer,10
locks,10
butte,10
stems,10
cheeks,10
rump,10
glove,10
poser,10
nervous,10
muddy,10
"love,",10
spooky,10
cuts,10
crusty,10
thrust,10
bushes,10
glue,10
wound,10
"god,",10
glow,10
"out,",10
bloc,10
"boy,",10
5.3,10
prophet,10
trump,10
lowe,10
fucker,10
week,10
lookout,10
slopes,10
chow,10
flop,10
mercury,10
huge,10
cops,10
creeper,10
ross,10
dove,10
urge,10
femme,10
hound,10
jew,9
5.12,9
teddy,9
choke,9
hungover,9
poetry,9
cult,9
locos,9
"effect,",9
15.,9
cheers,9
mood,9
fuego,9
13.,9
excuse,9
fudge,9
bugs,9
dung,9
dusk,9
locker,9
homo,9
me!,9
1000,9
duke,9
buttered,9
lotus,9
lune,9
bumper,9
sly,9
whom,9
numero,9
sketchy,9
rosy,9
chopper,9
bulldog,9
furry,9
hombres,9
flute,9
10.,9
crypt,9
showers,9
ghosts,9
wreck,9
hotdog,9
floyd,9
volume,9
runs,9
hops,9
bun,9
grow,9
doggy,9
"here,",9
5.10d,9
fluffy,9
robot,9
recess,9
fou,9
bulls,9
cyclops,9
peter's,9
roger's,9
shy,9
euro,9
seeker,9
seek,9
"dog,",9
trough,9
opus,9
"step,",9
5.4,9
s/n,9
sketch,9
boy's,9
fold,9
dumpty,9
420,8
shooter,8
crossed,8
drops,8
thrutch,8
roses,8
betty's,8
ferns,8
rover,8
boobs,8
blown,8
tuck,8
herr,8
(2nd,8
10b,8
romp,8
dressed,8
chunk,8
fred's,8
perfume,8
"over,",8
pumper,8
"west,",8
grove,8
rouge,8
posse,8
odd,8
gumby's,8
beckey,8
n00b,8
nez,8
"blood,",8
sweep,8
"book,",8
5.11b,8
me?,8
zulu,8
mundo,8
pup,8
pooper,8
used,8
slots,8
14.,8
chewy,8
smoked,8
jeff's,8
pero,8
dur,8
"room,",8
ogre,8
hopper,8
overhung,8
jumper,8
symmetry,8
rusty's,8
cure,8
16.,8
"eye,",8
11.,8
jumbo,8
yet?,8
1/2,8
bros,8
"ugly,",8
everywhere,8
cloudy,8
somewhere,8
(closed),8
jockey,8
vee,8
creep,8
"bulge,",8
crumb,8
pseudo,8
chopped,8
tusk,8
brow,8
dot,8
doe,8
fee,8
hundred,8
bulges,8
bet,8
dykes,8
merry,8
meow,8
extreme,8
fuzz,8
flo,8
chock,8
robbery,8
vez,8
puke,8
joker,7
nuevo,7
blocky,7
brook,7
souls,7
blubber,7
tech,7
pops,7
rocker,7
troy,7
gopher,7
greek,7
kurt,7
mujer,7
member,7
study,7
"groove,",7
fer,7
mom's,7
thy,7
project:,7
hunters,7
seems,7
busted,7
egos,7
bounty,7
blossom,7
scurvy,7
crossover,7
chutes,7
woody's,7
go!,7
creepy,7
tut,7
rug,7
(low,7
5.11d,7
pulse,7
loser,7
rowdy,7
dunce,7
dough,7
"sky,",7
7th,7
lobo,7
pope's,7
trot,7
retro,7
5.8+,7
flux,7
eddy,7
trooper,7
???,7
reed's,7
chunks,7
booby,7
type,7
(west,7
10c,7
dress,7
(south,7
drool,7
burst,7
sheet,7
sub,7
hours,7
moby's,7
you…,7
goods,7
bums,7
duster,7
dulce,7
"hey,",7
pucker,7
numb,7
9th,7
pout,7
effects,7
(dws),7
thump,7
tete,7
gourmet,7
cyber,7
bbq,7
coyotes,7
roy,7
crook,7
footloose,7
remote,7
mo',7
thugs,7
myth,7
trouser,7
bloom,7
moby,7
18.,7
jersey,7
crow's,7
12.,7
moo,7
clowns,7
jose,7
dummy,7
teeter,7
gum,7
(old,7
tuxedo,7
"beer,",7
romeo,7
you'll,7
jeep,7
plumb,7
crotch,7
wrecker,7
d's,7
500,7
reefer,7
copper,7
keg,7
dugout,7
scooter,7
projects,7
doug's,7
tbd,7
(6c+),7
"go,",7
loud,7
combo,7
comet,7
(6b),7
trop,7
dropped,7
yours,7
robert's,6
stun,6
uber,6
rechter,6
sluts,6
jury,6
flood,6
bogus,6
recovery,6
fund,6
rusted,6
up!,6
"truth,",6
roc,6
wooly,6
bolters,6
v0+,6
rêve,6
hush,6
perez,6
bout,6
greg's,6
strung,6
coop,6
trou,6
scoops,6
creme,6
chrome,6
stettner,6
che,6
(low),6
slugs,6
hype,6
f***,6
buttress),6
vert,6
rub,6
prowl,6
"express,",6
zum,6
momo,6
(ww),6
bernd,6
stretcher,6
lloyd's,6
"block,",6
choose,6
fowl,6
nun,6
erectus,6
espresso,6
(5.9),6
joseph,6
más,6
goodness,6
lodge,6
zephyr,6
lloyd,6
guru,6
scouts,6
cheech,6
lump,6
counts,6
keys,6
sumo,6
net,6
espolón,6
perro,6
bumps,6
cruz,6
exposed,6
rhymes,6
strokes,6
chunky,6
roger,6
eso,6
gollum's,6
stubby,6
foul,6
(full),6
exodus,6
dukes,6
"scoop,",6
"10,000",6
burl,6
greedy,6
mcgee,6
5.10+,6
ed's,6
brown's,6
route],6
couldn't,6
peppertree,6
josh,6
wounds,6
com,6
june,6
peu,6
doves,6
mutt,6
feu,6
berber,6
tuckered,6
trophy,6
bolter,6
phd,6
gloves,6
suey,6
pug,6
doc's,6
mommy,6
11b,6
"hook,",6
chester,6
owl's,6
crunchy,6
"bolt,",6
mostly,6
ojos,6
bugger,6
puppets,6
"low,",6
brooklyn,6
fuerte,6
dum,6
growth,6
gunky,6
"tube,",6
moms,6
term,6
zot,6
jokers,6
kush,6
teepee,6
thru,6
hobo's,6
plow,6
pygmy,6
beep,6
up),6
polly,6
temps,6
5.10b,6
(7b+),6
(but,6
5.11c,6
mug,6
(route,6
loops,6
dun,6
howl,6
greg,6
cooper,6
three's,6
meter,6
covered,6
20.,6
(6c),6
woke,6
junky,6
runt,5
heros,5
(7b),5
zeus,5
hydro,5
husky,5
rechte,5
chestnut,5
prune,5
med,5
"come,",5
popper,5
muff,5
"do,",5
goosey,5
murphy's,5
butterscotch,5
"home,",5
jed's,5
"cross,",5
"mom,",5
overture,5
stereo,5
scruffy,5
ulysses,5
powers,5
neue,5
clubs,5
doughnuts,5
"project),",5
"prow,",5
stern,5
für,5
cook,5
kept,5
busy,5
sheep's,5
comme,5
bollocks,5
overlook,5
juju,5
munge,5
300,5
thou,5
rufus,5
sueño,5
scrub,5
pox,5
tug,5
freezer,5
nemo,5
lobe,5
peck,5
spew,5
"move,",5
property,5
groover,5
dunk,5
turkeys,5
(7c),5
peg,5
chuff,5
compound,5
howdy,5
puts,5
5.11+,5
scud,5
spock,5
recluse,5
browns,5
oso,5
911,5
crock,5
buds,5
cheeky,5
rot,5
tune,5
geometry,5
nueve,5
shots,5
chossy,5
kool,5
"gun,",5
duluth,5
hooked,5
bär,5
"egg,",5
folk,5
gummy,5
17.,5
unexpected,5
werewolf,5
"guy,",5
hotter,5
hoedown,5
swept,5
st…,5
mob,5
som,5
obscure,5
bebop,5
suffer,5
ro…,5
revolver,5
soggy,5
product,5
gross,5
feces,5
studs,5
slowly,5
cheesy,5
turkey's,5
you've,5
"spot,",5
(tr),5
josh's,5
overdose,5
you’re,5
buoux,5
strut,5
grooves,5
geezer,5
cuervo,5
prospects,5
pecker,5
locked,5
frodo,5
trucker,5
robert,5
source,5
focus,5
odds,5
shed,5
moscow,5
"fly,",5
peggy,5
(closed,5
woodpecker,5
purpose,5
1.5,5
blower,5
pouch,5
surge,5
trumpet,5
"flow,",5
pogo,5
gobs,5
pho,5
rechts,5
loosey,5
rye,5
moses,5
refuse,5
judy,5
blowout,5
textured,5
dolly,5
frost,5
grounds,5
spotter,5
bounce,5
ness,5
smurf,5
hunky,5
erect,5
hugger,5
bushy,5
books,5
hedge,5
butress,5
he's,5
pooch,5
exum,5
3.5,5
overlooked,5
shocker,5
#11,5
mer,5
tex,5
tempered,5
scepter,5
lynn,5
ducky,5
moose's,5
procedure,5
pulp,5
go?,5
route.,5
snug,5
hcb,5
osprey,5
prophets,5
tus,5
frown,5
dodger,5
mur,5
mrs,5
hecho,5
nursery,5
brute,5
clover,5
co…,5
love's,5
sky's,5
mushrooms,5
herd,5
burro,5
dots,5
shroom,5
spook,5
trolls,5
eyebrow,5
puffs,5
ducks,5
proj,5
"guns,",5
blows,5
mouthful,5
gull,5
21.,5
360,5
luv,5
hoy,5
"dome,",5
sweetness,5
19.,5
bec,5
weeds,5
outhouse,5
potty,5
duchess,5
tester,5
bouncy,5
downs,5
"method,",5
mum,5
tempo,5
soy,5
dull,5
blocker,5
oscuro,5
vote,5
chert,5
project.,5
burned,5
luz,5
pools,5
"knees,",5
bee's,5
fluff,5
gypsy's,5
jeu,5
"bull,",5
sphere,5
cherokee,5
shogun,5
joes,5
volt,5
crocs,5
scooby,5
up?,5
juggy,5
streets,5
jester,5
brett,5
bozo,5
rolls,5
stepper,5
puro,5
cheeseburger,4
guest,4
rome,4
do?,4
chevy,4
poco,4
lox,4
hoodoo,4
butts,4
cockscomb,4
fuhrer,4
psyche,4
flume,4
"stuff,",4
byrd,4
poet,4
pollos,4
purse,4
brock,4
nuggets,4
"rose,",4
début,4
butch,4
gulp,4
severed,4
duc,4
unk,4
pumphouse,4
jung,4
book),4
(05),4
verte,4
cobb,4
ernest,4
reserve,4
jobs,4
jeffs,4
burt,4
booth,4
"rocket,",4
rox,4
n00bs,4
cups,4
cheez,4
brutus,4
bedrock,4
bunk,4
mold,4
rudy,4
5.9+,4
"steps,",4
robbers,4
b.s.,4
10d,4
froggy,4
nnw,4
(p2,4
courtesy,4
frog's,4
who?,4
fetus,4
"bob,",4
egypt,4
verge,4
sundown,4
gollum,4
muppet,4
"blues,",4
sos,4
host,4
sewer,4
ounces,4
hopes,4
unholy,4
5.7+,4
mover,4
swerve,4
stubbs,4
ounce,4
douce,4
hogs,4
co.,4
kurz,4
slush,4
burgers,4
goo,4
met,4
hemp,4
protect,4
suzy,4
bock,4
where?,4
cosmos,4
polvo,4
broom,4
wolf's,4
sunburst,4
"drop,",4
tummy,4
custer,4
jerky,4
homme,4
drl,4
#10,4
gruesome,4
shrunk,4
becky,4
gozo,4
throws,4
geeks,4
shutdown,4
sum,4
remedy,4
(you,4
muy,4
cerro,4
rock),4
scrunch,4
gom,4
comb,4
you?,4
cute,4
(rock,4
nuke,4
z's,4
romper,4
"box,",4
ned,4
400,4
mushy,4
surplus,4
ted,4
zee,4
flyers,4
go…,4
3/4,4
sec,4
luge,4
power),4
wuss,4
reject,4
crop,4
freddy,4
25.,4
trek,4
"foot,",4
cumbre,4
komodo,4
27.,4
"cold,",4
22.,4
zur,4
fed,4
meeker,4
j.b.,4
28.,4
greed,4
sperm,4
culp,4
foxy,4
sgt.,4
ocho,4
29.,4
meters,4
lynn's,4
hooters,4
fun),4
bedroom,4
gee,4
12b,4
sweeper,4
groot,4
pocketsock,4
"choss,",4
wobbly,4
chub,4
woo,4
jock,4
turns,4
keepers,4
perverted,4
(free,4
mes,4
l.),4
surf's,4
"free,",4
robots,4
perverts,4
"curse,",4
cuss,4
chess,4
sully's,4
methods,4
"red,",4
purge,4
serve,4
f**k,4
puberty,4
peters,4
choc,4
100%,4
tubby,4
brett's,4
ruckus,4
bunch,4
boltée,4
scooped,4
fuse,4
yee,4
"secret,",4
(my,4
you),4
wretched,4
crumbs,4
tunes,4
swoop,4
repo,4
(2),4
popped,4
suspect,4
e.b.,4
"mouth,",4
perm,4
crutch,4
homer,4
cuff,4
cob,4
huey,4
"be,",4
cheer,4
jekyll,4
bulbous,4
pumps,4
"fun,",4
gus,4
logs,4
stunt,4
"pop,",4
ufo,4
tercer,4
"see,",4
poc,4
rook,4
hermes,4
cow's,4
ruff,4
crushed,4
looked,4
soo,4
nuns,4
europe,4
3000,4
(pt.,4
weeks,4
este,4
guppy,4
pressed,4
romeo's,4
slop,4
huggy,4
"could,",4
rogers,4
losers,4
brewed,4
beech,4
"summer,",4
dumbo,4
buffy,4
'bout,4
blob,4
turret,4
"two,",4
rockette,4
truly,4
sounds,4
"curve,",4
shere,4
cody's,4
ooze,4
"slot,",4
jolt,4
yes!,4
perverse,4
(project,4
gomer,4
joey,4
mop,4
refugee,4
husker,4
testes,4
served,4
mere,4
kopytem,4
lynx,4
cubed,4
schoolroom,4
poverty,4
grope,4
froop,4
goulotte,4
curt,4
duet,4
chu,4
hoop,4
"route""",4
gunsmoke,4
webster's,4
shroud,4
13th,4
sew,4
duo,4
booster,4
hoes,4
polo,4
spectre,4
speck,4
spectrum,4
crocker,4
moco,4
pez,4
d.c.,4
"bosch,",4
keeps,4
"tree,",4
foggy,4
"owl,",4
hokey,4
bought,4
sprout,4
dojo,4
ebb,4
gomez,4
clumsy,4
smokes,4
(project?),4
bert's,4
fett,4
doughnut,4
hulk,4
(6b+),4
"doom,",4
slopper,4
hopeful,4
'er,4
unsung,4
pervert,4
(just,4
"duck,",4
echoes,4
youthful,4
dock,4
ouch,4
dodo,4
wyld,4
excuses,4
plums,3
1984,3
schuppe,3
curvy,3
bumbly,3
23.,3
potter,3
bottes,3
covfefe,3
xxx,3
pocus,3
dues,3
poet's,3
eh?,3
"shoes,",3
gumdrop,3
berserker,3
ho…,3
24.,3
slung,3
sourwood,3
pods,3
gurlz,3
tweekers,3
5.13,3
cursed,3
sun's,3
160m,3
ch…,3
throb,3
down),3
80's,3
threshold,3
"gold,",3
foe,3
perros,3
hoo,3
muro,3
cl…,3
krusty,3
gunkness,3
moloch,3
crumbly,3
bullseye,3
suspects,3
sob,3
putty,3
60's,3
yogurt,3
feck,3
m.f.,3
hyper,3
hull,3
eft,3
nero,3
rumney,3
hobos,3
hexe,3
rockets,3
zoom,3
puckered,3
kfc,3
"eyes,",3
ho!,3
fought,3
"wolf,",3
cote,3
werner's,3
(1),3
j.b.'s,3
5000,3
funhouse,3
(4),3
(5),3
(7),3
coquí,3
chew,3
revolt,3
wee's,3
hoot,3
troopers,3
segundo,3
zoe,3
qu'à,3
stettner's,3
gumbo,3
lockdown,3
peer,3
extrovert,3
seco,3
grows,3
hocus,3
my!,3
budget,3
dusted,3
seedhouse,3
flour,3
everest,3
countdown,3
bosco,3
roo,3
jours,3
superfly,3
embryo,3
clue,3
beth,3
rhyme,3
#13,3
roche,3
obtuse,3
choco,3
lbs,3
rob,3
sèche,3
"young,",3
"bush,",3
wool,3
"power,",3
zoe's,3
gooey,3
buttercup,3
thumper,3
"shoe,",3
dts,3
bbb,3
roost,3
bob?,3
jepun,3
provo,3
lupe,3
pest,3
soot,3
woolly,3
pub,3
plumbers,3
free),3
glueck,3
merge,3
(5.7),3
roches,3
moved,3
dune,3
krebs,3
spout,3
d'homme,3
mete,3
dug,3
ty's,3
"boss,",3
hoe,3
"glove,",3
yolk,3
cero,3
jets,3
kurze,3
"moss,",3
gouge,3
bozoo,3
dresser,3
meds,3
sculpture,3
"hope,",3
roundup,3
"post,",3
blok,3
fue,3
jeepers,3
mugre,3
peso,3
buttery,3
joyful,3
sombrero,3
cozy,3
bunky,3
m's,3
plumber,3
scope,3
whoop,3
pesos,3
merlot,3
you!,3
ops,3
spruce,3
(d),3
"yo,",3
ted's,3
bowser,3
scooper,3
cul,3
dummkopf,3
nugs,3
thrower,3
chucky,3
peur,3
meje,3
26.,3
burp,3
spurt,3
duct,3
buggy,3
skool,3
ow!,3
where’s,3
blm,3
2001,3
huecool,3
petty,3
"journey,",3
coupe,3
34.,3
bolter's,3
pvs,3
cheeze,3
bulb,3
dropper,3
s's,3
"5c,",3
lupus,3
30.,3
muncher,3
mex,3
nutz,3
31.,3
heresy,3
bucky,3
"sweep,",3
dropout,3
mock,3
j.t.,3
wetter,3
11th,3
vue,3
8th,3
glod,3
hem,3
projekt,3
perry,3
edgy,3
bunny's,3
luc,3
foster,3
sweets,3
poultry,3
wunsch's,3
fudd,3
oysters,3
dopes,3
mush,3
duro,3
pluck,3
"pool,",3
jeremy,3
"school,",3
lunes,3
custer's,3
brewer's,3
"nuts,",3
cosmo,3
neuer,3
gump,3
grew,3
fl…,3
"brow,",3
checkers,3
zeros,3
hooky,3
buzzed,3
hookup,3
(pt,3
smoky,3
freud,3
dws,3
cluster,3
dub,3
"bomb,",3
yoyo,3
rumours,3
"butte,",3
hopscotch,3
rock'n,3
sunspot,3
seth's,3
dumbest,3
sceptre,3
observer,3
showdown,3
sr.,3
uppercut,3
rompe,3
schöner,3
schöne,3
schön,3
5.8),3
dre,3
stuffed,3
colchuck,3
brunch,3
hedgehog,3
bourne,3
prego,3
(19),3
102,3
(18),3
stumpy,3
glob,3
(12),3
nef's,3
pocketed,3
"trees,",3
cue,3
empress,3
b's,3
poster,3
pedro,3
necco,3
gulf,3
obscured,3
rev,3
hueso,3
hunk,3
flushed,3
"cheese,",3
slum,3
plumber's,3
newer,3
"blot,",3
ryu,3
red's,3
spunky,3
huevo,3
luxe,3
hummer,3
slobber,3
croc,3
skeeters,3
"locker,",3
volunteer,3
"trunk,",3
judo,3
two),3
vudu,3
"cheek,",3
sueños,3
nr.,3
weep,3
rocher,3
edge),3
sodom,3
c3),3
messner,3
pre,3
ewok,3
#12,3
eject,3
lsd,3
shove,3
rue,3
l2),3
tnt,3
gloom,3
kur,3
metro,3
fest),3
products,3
joke's,3
"spur,",3
sneeches,3
scrotum,3
ceuse,3
freshly,3
t's,3
nub,3
tête,3
bull's,3
bobs,3
perfectly,3
pots,3
bert,3
brunette,3
pro…,3
"10,",3
shred,3
"ghost,",3
bebe,3
sh*t,3
2016,3
so…,3
chef,3
cost,3
rocky's,3
roberts,3
shoots,3
verne,3
ghouls,3
sod,3
nerds,3
steer,3
"crow,",3
ropes,3
become,3
curb,3
prophecy,3
pulls,3
"beer!""",3
checker,3
pock,3
houses,3
psych,3
sow,3
lys,3
nymph,3
hurl,3
grosse,3
puffer,3
could've,3
"so,",3
pooped,3
jeremy's,3
terre,3
"hop,",3
"turn,",3
grub,3
tetrys,3
popeye,3
(nw,3
poly,3
posers,3
"key,",3
dryer,3
pullout,3
doughboy,3
2x4,3
'spro,3
cog,3
37th,3
pose,3
geese,3
blobs,3
otro,3
volver,3
"fury,",3
sous,3
sgt,3
vous,3
blue:,3
sojourn,3
chucks,3
fluke,3
bobo,3
buckeye,3
11:11,3
copy,3
sun),3
flutterby,3
lover's,3
"pull,",3
kurt's,3
hoover,3
"cure,",3
cometh,3
groundhog,3
out!,3
"chute,",3
douche,3
eve's,3
truths,3
mogul,3
veces,3
chubs,3
guerrero,3
here?,3
cooked,3
nemo's,3
object,3
hockey,3
"cut,",3
"bowl,",3
b52,3
suns,3
though,3
clod,3
supply,3
wherever,3
"roll,",3
route…,3
buttresses,3
fun!,3
pop's,3
lochluster,3
"look,",3
mmm,3
blobby,3
19th,3
tempest,3
wok,3
psuedo,3
lube,3
veuve,3
yuk,3
spots,3
urus,3
"test,",3
chum,3
err,3
yoko,3
chucker,3
dom,3
drunks,3
remus,3
uncut,3
bern,3
"sex,",3
vest,3
yeux,3
sem,3
ext,3
"us,",3
germ,3
subject,3
std,3
hollowed,3
boogy,3
columbus,3
flyboy,3
royce,3
k.b.,3
popeye's,3
"lock,",3
crête,3
buldge,3
snuff,3
ph.d.,3
chromosome,3
mummy's,3
cruncher,3
bozo's,3
covert,3
thrush,3
turk,3
bowl),3
stung,3
globe,3
skeeter,3
behold,3
westby,3
doghouse,3
bowls,3
pr…,3
(5.8),3
chug,3
lowly,3
sombre,3
pusher,3
eyes!,3
feud,3
brooks,3
(5.10b),3
tuolumne,3
goodro's,3
"hunter,",3
"pocket,",3
kern,3
d'été,3
(we,3
mosh,3
fr…,3
neptune's,3
dover,3
speedy,3
kosher,3
1995,3
grungy,3
gums,3
(ne,3
f***er,3
septum,3
jesse,3
poopy,3
curves,3
cuckoo's,3
h2o,3
hunter's,3
cru,3
(02),3
unemployed,3
gesture,3
hund,3
u.s.,3
loved,3
boxed,3
dog.,3
blot,3
666,3
dolls,3
expect,3
muffet,3
beso,3
choppo's,3
robocop,3
"guts,",3
boogers,3
"push,",3
possessed,3
golfer,3
sepulcher,3
burros,3
busch,3
courte,3
"hooker,",3
d'une,3
lolo,3
bogey,3
slob,3
5.12b,3
l'y,3
moo's,3
sweet'n,3
docteur,3
j's,3
sync,3
pokey's,3
pottery,3
shrubbery,3
hutt,3
tun,3
sunflower,3
putt,3
bruce's,3
"chop,",3
20th,3
homer's,3
creed,3
f**ker,2
eyeful,2
locker's,2
whoo,2
frío,2
cecret,2
unrest,2
cck,2
gooch,2
gully),2
"doubt,",2
sucettes,2
supposedly,2
wheres,2
tcc,2
scheme,2
neophyte,2
mod,2
cross),2
(suggested)),2
"oyster,",2
"job,",2
brewster,2
olds,2
(3),2
(6),2
steeper,2
meows,2
guerre,2
flops,2
hwy,2
holthouse,2
budd,2
"goose,",2
removed,2
eco,2
supper,2
dj's,2
"grunge,",2
yoosun,2
tpmv,2
"lose,",2
jebus,2
(10%,2
zecke,2
"prey,",2
tr2,2
bobby's,2
fuckers,2
wretch,2
2002,2
mrc,2
groth,2
cody,2
shrubber,2
"joke,",2
refund,2
shomer,2
"bunny,",2
cooks,2
werewolves,2
moped,2
potluck,2
remover,2
(so.,2
tree's,2
egg!,2
hook),2
gottes,2
beck's,2
9mm,2
cemetery,2
(ou,2
untch,2
bug's,2
thrown,2
poets,2
pecho,2
woes,2
we'll,2
weber,2
jowls,2
hooter,2
(bolted,2
wulst,2
lyre,2
steve’s,2
m.o.w.,2
(5.10+),2
lutscher,2
speedys,2
pss,2
"group,",2
sulphur,2
boom!,2
"slut,",2
ol’,2
zzzzz,2
rut,2
huffer,2
volvo,2
ekv:,2
sever,2
wurst,2
zerb,2
sketches,2
90%,2
10%,2
chomper,2
"joy,",2
shu,2
puyk,2
murmur,2
cooker,2
nurses,2
greevers,2
ssw,2
chex,2
vpl,2
ukn,2
blocs,2
(god's,2
lush,2
stfu,2
checkered,2
uhuru,2
wurm,2
proteus,2
(summer),2
j.r.r.,2
hugh,2
mãe,2
sloe,2
obed,2
we've,2
oops,2
ursus,2
route!,2
gloop,2
"broke,",2
bunker,2
"1,2,3",2
sunnyd,2
proue,2
l'épée,2
"mouse,",2
sut,2
"moose,",2
dozer,2
"lump,",2
rojos,2
mustn't,2
potrero,2
stepped,2
pobre,2
rebound,2
"sound,",2
stu,2
ludo,2
wheezy,2
téteux,2
psyched,2
"sí,",2
perth,2
9000,2
grouper,2
unplugged,2
jeckyl,2
cujo,2
beeched,2
lungs,2
5.13+,2
p38,2
tye,2
burke,2
betsy,2
pere,2
pervert's,2
pulpo,2
5.?,2
poopers,2
tucker,2
"""blue",2
somwow,2
kop,2
"jerk,",2
boop,2
5.12+,2
"huck,",2
shuts,2
49.,2
perky,2
peeps,2
puerco,2
y2k,2
k.d.,2
juegos,2
golly,2
kebe,2
scourge,2
zumm,2
lumps,2
50.,2
"yes,",2
kross,2
51.,2
52.,2
yolu,2
wooter,2
zest,2
logger,2
moe's,2
gsv,2
weeps,2
389,2
bowery,2
"trough,",2
peckers,2
beekeeper,2
p.p.,2
kemp's,2
summers,2
logo,2
g.p.,2
frères,2
'un,2
shows,2
"flower,",2
nube,2
slump,2
herbert,2
spunk,2
expert,2
check's,2
cotter,2
"hut,",2
moods,2
guðjón,2
sludge,2
eru,2
sc…,2
secrecy,2
"moe,",2
"cock,",2
prowser,2
street),2
(sub…,2
e's,2
dope),2
byrd's,2
rooter,2
"house,",2
geht,2
twerk,2
setter,2
strewn,2
gomers,2
pets,2
plouf,2
shmotem,2
compressed,2
brewser,2
beret,2
loulou,2
pumpy,2
feet),2
teo,2
zesty,2
pudgy,2
rosebud,2
seem,2
(5.8+),2
(5.9+),2
yek,2
gmoser,2
booboo,2
suture,2
embers,2
drew's,2
punchbown,2
turds,2
wolcott,2
screws,2
sse,2
essere,2
wh…,2
holly's,2
durch,2
closure,2
schnebly,2
flog,2
(per,2
"syndrome,",2
scrubber,2
stör,2
chuffed,2
eggo,2
dumpty's,2
herb,2
nerf,2
"fold,",2
boomer,2
(redneck,2
blockbuster,2
peep,2
frodo's,2
dunn,2
meyers',2
route;,2
chews,2
rcm,2
mccoy,2
ochre,2
tweety,2
"pumped,",2
jobb,2
footer,2
"49,",2
shrew,2
but…,2
rés,2
fás,2
mumbo,2
eko,2
pueblo,2
6.5,2
dk's,2
utter,2
"cup,",2
(out,2
o.b.e.,2
"judge,",2
10),2
bungee,2
kee,2
p.c.,2
troglodyte,2
hoser's,2
"blue,",2
olmsted,2
lounger,2
nerdy,2
11),2
roter,2
punkt,2
02.5),2
shoppers,2
skyy,2
kémény,2
potters,2
pull'n,2
woober's,2
fook,2
mystère,2
heck,2
05),2
beck,2
scotty's,2
"trout,",2
lumber,2
jess,2
11c,2
webber,2
geckos,2
geo,2
dure,2
sexe,2
l'ombre,2
wot,2
ucgb,2
rocco,2
rep,2
buku,2
freddy's,2
pressé,2
dolce,2
5530m,2
cherty,2
skewed,2
3.14,2
sky…,2
"stretch,",2
beckys,2
"crest,",2
gos,2
brest,2
luhr's,2
crepe,2
nuts.,2
duros,2
crummy,2
berets,2
systems,2
"oops,",2
petey,2
creepers,2
museum,2
owl),2
l'extrême,2
murphy,2
muhly,2
huhly,2
"procedure,",2
smurfs,2
goûter,2
13b,2
negre,2
kuffner,2
bosses,2
hoz,2
cherts,2
superchoss,2
escher's,2
ouest,2
gusty,2
(trooper,2
rockchuck,2
lopez,2
"werewolf,",2
blokky,2
reves,2
lukes...,2
"este,",2
nyx,2
boost,2
buggery,2
slotted,2
pesce,2
jsf,2
dobby,2
großes,2
grüner,2
"bollocks,",2
(reefer,2
peppers,2
"bolts,",2
"[""kung",2
rudl,2
spf,2
shoo,2
mopeds,2
cnc,2
buco,2
"freedom,",2
wuzzy,2
who…,2
purdy,2
stumped,2
cluck,2
cccp,2
hugo,2
(r1),2
está,2
tutte,2
clous,2
peery,2
"fool,",2
fret,2
vol,2
hundredth,2
ombres,2
scrum,2
hotdogs,2
stuffer,2
love?,2
"dud,",2
rho,2
slutty,2
troll's,2
s.s.,2
moody,2
plugged,2
nco,2
sprocket,2
frye,2
texture,2
thoth,2
cosgrove,2
drew,2
berth,2
old's,2
footed,2
schmerzlos,2
"pump,",2
herpes,2
thumber,2
plump,2
pomo,2
bummer,2
lowest,2
whose,2
rodney,2
wer,2
steers,2
juguysko,2
sudoku,2
nürnberger,2
hobbs,2
punter,2
losers',2
doozy,2
kurzer,2
espero,2
"hobo,",2
brut,2
reflux,2
fup,2
scho,2
boomers,2
blocked,2
fucker),2
comp,2
hee,2
großer,2
volcom,2
sube,2
beckey's,2
howe,2
ged.,2
(lower),2
"jump,",2
"street,",2
cocky,2
pyro,2
"verses,",2
yo!,2
south…,2
20%,2
"epoch,",2
eck,2
beekeeper's,2
hoyo,2
cucumbers,2
boz,2
chunked,2
lumby,2
"chow,",2
scuz,2
cush,2
gruyère,2
(both,2
(5.10d),2
rube,2
goldberg,2
lépreux,2
edom,2
berserk,2
remo's,2
gloss,2
curved,2
lux,2
rhus,2
"burger,",2
turks,2
overpowered,2
f*ck,2
747,2
sculpted,2
sculpture's,2
chez's,2
flys,2
turlock,2
"where,",2
hebro,2
edu,2
"shoot,",2
voy,2
nester,2
courtney,2
spock's,2
muppets,2
hucker,2
beds,2
pms,2
burmese,2
herb's,2
musketeers,2
7up,2
preuß,2
regret,2
cous,2
e10,2
mouse's,2
rococo,2
superfresh,2
rob’s,2
bok,2
rock],2
jews,2
huber,2
burr,2
blox,2
werner,2
p.v.o,2
bloodshot,2
(f**k,2
terms,2
n'est,2
sturm,2
p1's,2
bumpy,2
"route),",2
hoss,2
"1),",2
serum,2
mostro,2
cod,2
"lounge,",2
whymper,2
hooch,2
lbc,2
"sun,",2
kudu,2
nebulous,2
beefy,2
becky's,2
mcfly,2
lynch,2
comer,2
e.t.,2
whopper,2
phooey,2
spree,2
1979,2
homology,2
robe,2
lo…,2
"weed,",2
smee's,2
woodchuck,2
huff,2
spoot,2
cruxes,2
12c,2
versus,2
"wow,",2
"v5,",2
[1st,2
(tempest,2
cheeseburgers,2
errett,2
memo,2
surfs,2
nutty,2
phobos,2
glück,2
chunk!,2
everett,2
pur,2
stroker,2
doody,2
fre…,2
klubb,2
"buttress),",2
kobb,2
god’s,2
munter,2
poum,2
neo,2
ghoul's,2
buttress.,2
ft).,2
drury,2
bullocks,2
lollypop,2
trusty,2
sesh,2
pesky,2
truc,2
buc,2
hoth,2
you.,2
route?,2
(two,2
hollows,2
bulldogs,2
he…,2
drums,2
lousy,2
scoup,2
luxury,2
boum,2
"wehe,",2
schlock,2
dumptruck,2
dooku,2
cowdog,2
bolts),2
"pod,",2
"slope,",2
"russ,",2
mcr,2
bros.,2
"seed,",2
husk,2
zug,2
smersh,2
m.o.,2
crêtes,2
foops,2
petey's,2
côté,2
joux,2
dodo's,2
"funk,",2
[better,2
psychology,2
wrote,2
mutts,2
mouche,2
gregs,2
rumbo,2
gruff,2
clog,2
shepherd's,2
"flute,",2
hoppy,2
cocked,2
suz,2
"roundup,",2
(26),2
"new,",2
"troll,",2
edmund's,2
succubus,2
focused,2
browdog,2
hebrew,2
expres,2
"""em",2
serfs,2
mtv,2
"soul,",2
bucks,2
ought,2
zues,2
eunuch,2
fetch,2
foo,2
tumnus,2
wheezer,2
kus,2
reyes,2
cum,2
"rover,",2
cub),2
yummy,2
(4th,2
hero's,2
shrubs,2
hounds,2
hers,2
hbf,2
doesnt,2
fot,2
syd,2
flynn,2
rumpus,2
doses,2
guests,2
c.s.,2
populus,2
t.s.,2
6000,2
cooky,2
echos,2
kook,2
(secret,2
goldbug,2
"nest,",2
crutches,2
"few,",2
wrecked,2
"crush,",2
.10c,2
ruper,2
40oz,2
puddy,2
quo,2
smush,2
so.,2
shouldn't,2
scrubs,2
"v4,",2
(she,2
prefer,2
e2.5,2
"roots,",2
flung,2
"full,",2
superhero,2
v4+,2
cull,2
syko,2
meek,2
chung,2
"(project,",2
"1/4""",2
5.12?),2
dueño,2
d'oeuvre,2
sooberb,2
bud's,2
ex…,2
"hour,",2
drought,2
"creek,",2
"keeper,",2
duh,2
peepers,2
bejesus,2
"shutdown,",2
007,2
"bye,",2
"dow,",2
tecolote,2
punches,2
wowser,2
bruch,2
lucre,2
"bolter,",2
ozzy,2
chose,2
unprotected,2
club),2
plush,2
vogue,2
columns,2
gunt,2
woe,2
cro,2
hroom,2
surfer's,2
jojo,2
sodomy,2
robyn's,2
zephyros,2
trumpets,2
bosched,2
str…,2
jethro,2
lots,2
coopers,2
smoker's,2
jocks,2
goosy,2
loosy,2
studly,2
mctech,2
westbound,2
chesse,2
hostess,2
sucky,2
joker's,2
zero!,2
b1),2
mosster,2
tcu,2
webb,2
cokes,2
"(gbu),",2
"pete,",2
fro,2
ned's,2
ketchup,2
"gem,",2
g4),2
hurry,2
cloud's,2
project?,2
busters,2
"cook,",2
get's,2
combe,2
(l1),2
ost,2
1.0,2
c2),2
c1),2
newcomer,2
stethoscope,2
cooter,2
"butterfly,",2
wouldn't,2
lucy's,2
bred,2
ferret,2
"run,",2
pepper's,2
pbr,2
germs,2
grunge),2
proj.,2
colossus,2
yo',2
stu's,2
lurp,2
sureshot,2
ruth,2
"butt,",2
trousers,2
em',2
(23),2
(25),2
rooster's,2
sunspots,2
"psycho,",2
"doobs,",2
route?),2
(10),2
(11),2
roc…,2
vol.,2
od'd,2
po…,2
slugfest,2
butter?),2
surly,2
øst,2
"seeker,",2
verse,2
spooge,2
rpm,2
creeky,2
newbs,2
beebe,2
jumped,2
flyboys,2
robo,2
resume,2
brews,2
col.,2
c.t.,2
lobby,2
c’est,2
groom,2
kekeko,2
100m,2
110m,2
percocet,2
"my,",2
mungy,2
brought,2
unsolved,2
49th,2
semester,2
e.z.,2
duppy,2
"blows,",2
outlook,2
h.g.,2
hoser,2
chuy,2
cobweb,2
"hunt,",2
"hero,",2
soccer,2
flunked,2
tubes,2
roughy,2
jc's,2
grunts,2
royd,2
foxtrot,2
preschool,2
cumber,2
'd',2
footsteps,2
wussy,2
crusoe,2
"loop,",2
nubs,2
(pg),2
bulow,2
uhu,2
búho,2
"um,",2
clocks,2
wocket,2
rockhouse,2
scout's,2
seppuku,2
gung,2
rubus,2
bough,2
shocked,2
"neck,",2
humper,2
"set,",2
pep,2
d.l.,2
smerk,2
tut's,2
zod,2
sus,2
blumpy,2
smeg,2
"loose,",2
sylvester,2
poches,2
seuss,2
peux,2
"stem,",2
"zero,",2
l'homme,2
mme.,2
"""5.11",2
l'été,2
lunge…,2
"buddy,",2
projet,2
"steep,",2
ghoul,2
cheerful,2
mos,2
crockett,2
bemo's,2
groovey,2
sunburn,2
pebbly,2
mouches,2
hmmm,2
chewy's,2
pulldown,2
200,2
chem,2
(cuve,2
freedom's,2
femmes,2
choppy,2
junkshow,2
"plum,",2
fester,2
zygote,2
murmurs,2
"perch,",2
mocos,2
"boom,",2
colours,2
sultry,2
dopey,2
chouette,2
oz.,2
duff,2
holmes,2
oop,2
chossed,2
bod,2
beer.,2
out),2
chossburger,2
snuffy,2
cuckoo,2
hvs,2
bucky's,2
bouncer,2
suey),2
"bug,",2
goober,2
"12""",2
plume,2
(??),2
voo,2
cockeyed,2
jock's,2
mojus,2
"old,",2
god!,2
mousse,2
4x4,2
user,2
remembered,2
hue,2
beez,2
vermouth,2
700,2
shurr,2
"jugs,",2
furr,2
crocus,2
curt's,2
oye,2
colt,2
seep,2
bounds,2
scrubbed,2
lusty,2
boy!,2
school's,2
hummus,2
redrum,2
pudge,2
"mujeres,",2
ungol,2
newt,2
rudolf,2
serf's,2
commuter,2
glump,2
joy!,2
steck,2
5.10c/d,2
lushes,2
smokehouse,2
bulldozer,2
luke's,2
o’clock,2
(oms),2
p.t.,2
commute,2
ghyll,2
(pd+),2
10+,2
"progress,",2
syn,2
poppy,2
guppy's,2
"2.0,",2
zhu,2
scoot,2
465,2
hoops,2
125,2
cèdre,2
blu,2
upchuck,2
pedro's,2
(down,2
humphrey's,2
"boys,",2
"jesus,",2
burps,2
froz,2
cruzer,2
"fox,",2
peuterey,2
molloy,2
cmc,2
jo's,2
overcome,2
percy,2
west…,2
"(free),",2
(bu,2
gyro,2
breezy,2
woodrow,2
roughneck,2
survey,2
chuffer,2
doc?,2
pecos,2
yew,2
b.t.,2
future's,2
"burn,",2
"eyebrow,",2
(zuo,2
"hump,",2
superfluous,2
booked,2
gutters,2
fumes,2
cucumber,2
peewee's,2
zuo,2
poot,2
roscoe,2
"1,000",2
webs,2
beek's,2
fez,2
n.e.,2
peut,2
tubo,2
em's,2
pushes,2
perdu,2
vérot,2
mow,2
14th,2
clubhouse,2
moocher,2
skeet,2
tempete,2
ostegg,2
bolo,2
(er,2
sue's,2
gooseberry,2
presume?,2
schoolhouse,2
coco's,2
etre,2
cerbero,2
"tyger,",2
rez,2
doodoo,2
futuro,2
bouse,2
ott,2
punt,2
prospect,2
pounds,2
beyer,2
roundhouse,2
sloppy's,2
"return,",2
slunk,2
"cutter,",2
cruddy,2
posted,2
137,2
(new),2
steezy,2
"shower,",2
fünf,2
ccc,2
drew’s,2
"dove,",2
jody's,2
loopy,2
"scout,",2
obsessed,2
buhl,2
fée,2
sweetest,2
gne,2
gedänkwäg,2
tweet,2
sockets,2
14:,2
fête,2
mot,2
sur),2
tweezers,2
stretchy,2
cerberus,2
e.o.,2
(pete,2
"nbd,",2
(hot,2
oeste),2
"couch,",2
rurp,2
jokes,2
o.k.,2
urubu,2
rejected,2
k.p.,2
sure?,2
5.12c,2
buckshot,2
thunk,2
huh?,2
guess,2
mcs,2
"odyssey,",2
lockup,2
steppes,2
rugs,2
40.,2
humpy,2
chungus,2
rulz,2
cão,2
goop,2
doce,2
(5.8?),2
scour,2
loup,2
"crown,",2
qu'est,2
probe,2
(03),2
(04),2
"wood,",2
zeroes,2
rubberneck,2
tuber's,2
32.,2
lowdown,2
femur,2
35.,2
"eggs,",2
33.,2
over…,2
ground's,2
routes:,2
"""f""",2
prophesy,2
(01),2
g's,2
lod,2
rejecter,2
rollo,2
vulpes,2
wes,2
olho,2
"mccoy,",2
2005,2
revert,2
compute,2
compress,2
vj's,2
hdc,2
southbound,2
smokers,2
pocos,2
golpe,2
"sets,",2
guy's,2
chossy's,2
(luo,2
mtn.,2
rocks!,2
outpost,2
20/20,2
scherer,2
tse,2
geezers,2
jugs),2
becker,2
ombre,2
"duty,",2
botched,2
boll,2
couer,2
"proj,",2
dog),2
schools,2
verses,2
chulo,2
thought?,2
2019,2
jumpers,2
jerks,2
creeps,2
skulls,2
bosom,2
pommes,2
punchbowl,2
tuyo?,1
jugo,1
¯\_(ツ)_/¯,1
nutterfly,1
peo?,1
perezoso,1
sydney,1
mopery,1
bunkweed,1
blc,1
choloepus,1
wmd,1
scully,1
neurosys,1
sweed,1
solyuts,1
"""cowboy",1
"em,",1
cervero,1
[butt,1
powerfool,1
mombre,1
cysty,1
trepo,1
gullys,1
wetfoot,1
"pope,",1
(b),1
beefys,1
(c),1
outbound,1
prepper,1
(f),1
h14,1
peñón,1
beverly,1
outsourced,1
yuck,1
vrc,1
suegro,1
muñe,1
homewrecker,1
mönch,1
treyverse,1
crosscut,1
nymphs,1
otre,1
munchky,1
"round,",1
3.2,1
cucutus,1
estres,1
flujo,1
test),1
wmp,1
333,1
"29""",1
egger,1
ghyl,1
treehugger's,1
"geek,",1
"fm,",1
dye,1
(pure,1
62nd,1
rejects,1
"beemer),",1
(6c+,1
subject),1
(mcm),1
churches,1
"rod,",1
tedd's,1
costco,1
jete,1
9999,1
"dunk,",1
grüne,1
9904,1
"neophyte,",1
"6b+,",1
jt's,1
"surfer,",1
"prospectus,",1
buckeyes,1
l'os,1
creosote,1
pgd,1
"serfdom,",1
froot,1
ochsner,1
bloodmutt,1
vom,1
versuchung,1
"gulcher,",1
terzet,1
jtt,1
zäch,1
scruncher,1
5c),1
(5b+,1
(5c+),1
pocket?,1
tymun,1
4c+,1
foxglove,1
hueco's,1
hough's,1
nec…,1
chryz,1
jbmfp,1
jbmf,1
whomp,1
goom,1
streebeck,1
lucky?,1
gem),1
muzz,1
chunkers,1
käfer,1
refunds,1
"guru,",1
pouches,1
thou?,1
culls,1
jumps,1
tush,1
"trooper,",1
fdc,1
sex),1
heb,1
öffne,1
"embryo,",1
rägäbogä,1
hypogeum,1
"retrospect,",1
remy's,1
pretu,1
buzzzz,1
cthulhu,1
holywood,1
everybody’s,1
cocksure,1
667:,1
"5.10+,",1
1996,1
turn's,1
drex,1
u.f.o,1
egret,1
ph.d,1
lurker,1
1492,1
kerplow!,1
rock'n'roll,1
westy,1
curvo,1
oddy's,1
chesty,1
e^(2),1
hotshot,1
verdugo,1
seroe,1
9.9,1
9.5,1
crooks,1
goosesteps,1
smooches,1
318,1
"jug,",1
stutter,1
"tug,",1
pooter,1
keetes,1
voters,1
mox,1
401k,1
drugged,1
jutte,1
tr.,1
ug…,1
terug,1
serfdom,1
"teets,",1
croes,1
jos,1
hok,1
"dope,",1
yousqué,1
bruces's,1
"bees,",1
kobe's,1
schmucks,1
shower…,1
40s,1
"booth),",1
hsu,1
(cheeseburger,1
ryser,1
olsmolke,1
go.,1
booth),1
specks,1
mére,1
"lopez,",1
"gomez,",1
"geometry,",1
gbh,1
"goldberg,",1
"superprow,",1
"zoo,",1
powerfully,1
941,1
here…,1
bollucks,1
judge),1
potzo's,1
refreshe,1
chocho,1
"hoop,",1
"cerdo,",1
"ruckus,",1
"rome,",1
dph,1
br…,1
hero?,1
webster/,1
(overly,1
buhos,1
"rocketeer,",1
yeso,1
mudterm,1
moody's,1
cueros,1
chossology,1
peckered,1
peckere…,1
cocopuss,1
rolo,1
rhg,1
"mercy,",1
josh),1
soupy,1
flock,1
501,1
edcl,1
buses,1
202,1
crumbowl,1
plom,1
zzzzzs,1
"prow.,",1
lhmw,1
(sooth,1
sommerset,1
weeeet,1
mugwump,1
gosh,1
mr.munchy,1
rubo's,1
meetups,1
meetup,1
eruptus,1
ok?,1
"fuckness,",1
puedo,1
pecoso,1
docked,1
yuuuuuge,1
neez,1
potters’,1
"6162m,",1
5420mts.,1
"cometh,",1
revoked,1
geezer's,1
n'plus,1
creo,1
stroked,1
...yet,1
xtz,1
boldness,1
blow.,1
everybodys,1
jester's,1
(crotch,1
burd's,1
fevered,1
kollur,1
projected,1
"boldness,",1
ucu,1
chocos,1
ferrous,1
cowpunks,1
shultz,1
rocketeer,1
pegg,1
moose),1
30%,1
pmc,1
tt's,1
howl's,1
brujos,1
mysterz,1
mz.,1
"geezer,",1
u.g.b.,1
"exhumer,",1
commuted,1
t.r.q.,1
"bobby,",1
freeze's,1
lochos,1
hlt,1
promote,1
pooty,1
stecy,1
dz's,1
gertch's,1
"mosey,",1
mosey,1
screwed,1
broke!,1
tnt),1
yunctured,1
"punch,",1
(pfvp),1
rocket's,1
boyer's,1
motes',1
obe,1
nex,1
"c1,",1
prowess,1
nerts,1
sublux,1
myxo,1
5/4,1
wtfwjd,1
hosed,1
(poject),1
"proud,",1
rubbernecker,1
jeko,1
"flusher,",1
oms,1
chump's,1
"""box",1
.com,1
bozos,1
spruced,1
(k.s.r.),1
p1),1
ojo),1
bogeet,1
dopesmoker,1
p.r.,1
déjà,1
juckets,1
bloodhound,1
goosed,1
wey,1
1056,1
gómez,1
peck's,1
bry,1
turvy,1
pooters,1
unlock,1
m12h,1
c1.5,1
jodío,1
"5.8,",1
goly,1
chunker,1
cojollo,1
beemo,1
bergers,1
boludo,1
revés,1
momos,1
rednecks,1
jjcf,1
chemo,1
11d,1
"prophecy,",1
rgc,1
(roger,1
'11,1
terere,1
'12,1
output,1
gunshy,1
dougher,1
(06),1
(07),1
(08),1
(09),1
120,1
members,1
jdog,1
bwr,1
nlv,1
h1n1,1
hombro,1
p.2,1
p.1,1
"meek,",1
sexo,1
sux,1
slo,1
"occ),",1
"vultures,",1
#17,1
"5.11d,",1
r.o.u.s,1
dom's,1
"""s""",1
(cmb),1
herbert's,1
"ow,",1
d.d.m.,1
bourne's,1
[m3g],1
fresco,1
r.o.u.ss,1
y'er,1
d'etre,1
chromosphere,1
uht,1
bmo,1
drummer,1
bober,1
true),1
soze,1
90m,1
6sup,1
h1.75,1
prow'd,1
evolução,1
terrestre,1
sources,1
rung,1
puddly,1
powerdrette,1
ruchert,1
perso,1
psychoses,1
kosmology,1
prodromou,1
"zog,",1
dumbolt,1
holm,1
durex,1
nebotje,1
hromu,1
l.s.d.,1
sojourners,1
très,1
bäuche,1
kern's,1
ceux,1
12c),1
huge?,1
clocks!,1
bruyère,1
dunne,1
sr71,1
bossettes,1
ups?,1
roper's,1
n°40),1
d.d.,1
wye,1
gegu,1
tremulo,1
prow),1
"prow),",1
chossome,1
kozje,1
fustercluck,1
droop,1
cheops,1
dr…,1
snub,1
chunko,1
cobwebs,1
clout,1
rbt,1
mouse),1
greebo,1
propects,1
5.7),1
çocuk,1
executed,1
holzweg,1
foothold,1
lyptus,1
97%,1
junket,1
goosebumps,1
(do,1
foutre,1
"doer,",1
jube,1
yert,1
drz,1
coocher,1
rouster,1
(sex,1
lgf,1
rosskopf,1
mo…,1
boxer's,1
thommo,1
rhv,1
murdoch,1
"1,2",1
stemer,1
beeeech!,1
"beeech,",1
"beech,",1
(на,1
мгз),1
lump!,1
sucht,1
träumer,1
2787,1
"wetness,",1
r1b,1
(sw,1
psychose,1
yet??,1
rechtes,1
exhume,1
popul,1
moss?,1
turmwächter,1
schwerlos,1
vuh,1
(joke,1
"45,",1
ostschlucht,1
"89,000",1
scherzkeks,1
räuber,1
peezy,1
(tree,1
bmoc,1
b.o.b,1
culu,1
mollusc,1
"""o""",1
lulu's,1
gutbuster,1
hdr,1
grunty,1
holzberger,1
schuß,1
boxers,1
ocho's,1
stubs,1
flug,1
jerbot,1
dregg,1
ome's,1
6th,1
zerberts,1
sprout's,1
frowny,1
"sure,",1
"bähm,",1
dyed,1
froth,1
muted,1
mossness,1
"ergo,",1
"ego,",1
hopp,1
boyo,1
heulboje,1
koung,1
probs,1
stumpfer,1
lcs,1
nummer,1
"bull),",1
lufthunger,1
mut,1
e2.,1
s.o.b,1
o.d.b,1
pflück',1
erste,1
fütter,1
"hedgehog,",1
egrets,1
exzess,1
"bough,",1
rubbers,1
herbst,1
bumbershoot,1
nepomuk,1
zehntes,1
schwester,1
(excess,1
murl,1
geölter,1
lubed,1
d'feet,1
gluteous,1
zmbm,1
coo,1
sbd,1
m.o.g.s,1
grufty,1
tlb,1
r.n.l.r.,1
bryophyte,1
mzungu,1
hookey,1
ttlcttctkfwgso,1
tsspmq,1
troll’s,1
mossberg,1
(very),1
phyo,1
désert,1
pwet,1
djols,1
trous,1
"""bugs""",1
holmwood,1
brume,1
slunko,1
bnx,1
ouvre,1
foutu,1
floppy,1
mure,1
schemes,1
tupo,1
ruz,1
pourvu,1
(broom),1
(hoe),1
진실과위선의사이,1
아름다운추억,1
눈속에핀꽃,1
슬픈사연,1
chez,1
dokju,1
boulot!,1
roméo,1
jus,1
l'heurre,1
seche,1
d.r.m.,1
"sur,",1
luette,1
"fog,",1
(lots,1
luum,1
moz,1
鎌形ハング・ルート,1
huu,1
homeboy,1
chuo,1
ブルースカイ,1
scruw,1
schöpfung,1
zehnte,1
(アブラカダブラ）,1
soundcheck,1
"(夜行人,",1
(シルクロード),1
(オズ),1
"(風の谷,",1
khuzug,1
mercy),1
"hold,",1
osho,1
grune,1
m.o.f.l.,1
kodomo,1
geschwür,1
khosrov,1
(跳马),1
fürs,1
hb.,1
schnunkteputz,1
odyssee,1
keo,1
pok,1
tr4,1
tr1,1
tyre,1
"doudouk,",1
kret,1
soyuz,1
doudouk,1
er),1
fete,1
shey,1
syndrom,1
schnubbes,1
feersum,1
yun),1
hörb,1
crumpet,1
jujube's,1
t.h.c.,1
"714,",1
roer,1
cocugu,1
brosuf,1
stretches,1
bre…,1
clot,1
unremembered,1
ucus,1
putter,1
wpw,1
eeep,1
shhhhh,1
pusht,1
ruhu,1
computer,1
keskek,1
dogu,1
duduk,1
twomey,1
kurdu,1
efect,1
tunc,1
6hrs),1
657,1
floch,1
b.f.g.,1
efes,1
locust,1
yuzuncu,1
"petrol,",1
spurs,1
stepp'n,1
zeb,1
"joys,",1
l’homme,1
chomsky's,1
trotsky's,1
olympos,1
dogfood,1
verme,1
chercher,1
bot,1
composure,1
cru?,1
l'eut,1
trouver,1
rh3,1
skyhook,1
mets,1
rcc,1
eté,1
crève,1
8c+,1
(นกเขาไม่ใช่นกเรา),1
trou?,1
everybody's,1
berger?,1
smouf,1
어떤이의,1
sejour,1
(越嶺獵狐),1
10.5,1
(唬神),1
stepover,1
recznym,1
us/uk,1
5te,1
bloxberg,1
bewegung,1
près,1
subes,1
gué,1
downpour,1
.....,1
même,1
superfudge,1
cheeks),1
(butt,1
yemek,1
kemer,1
groupy,1
shrooms,1
efz,1
hurrem,1
meme,1
trouvée,1
bloom's,1
seduced,1
speeds,1
13.1,1
yéego,1
eggulf,1
"foxtrot,",1
holo,1
kup,1
shtupp,1
fugo,1
ykk,1
plumbus,1
883,1
bulldops,1
ecco,1
"""sun",1
g207,1
flossy,1
durus,1
robery,1
1936,1
petrus,1
plum…,1
(jump,1
(crouch,1
opps,1
byproducts,1
tromso,1
skygge.,1
lunds,1
rute,1
1910,1
4:20,1
(v7/8,1
poldo,1
shoko,1
geffo,1
scum!,1
gocce,1
960,1
lustre,1
tuchus,1
46th,1
"hookup,",1
nutrocker,1
skulptur,1
léttölshryggur,1
plútó,1
represse,1
jethro's,1
ugh,1
(45,1
355,1
culotte,1
tps,1
c'e',1
cuneo,1
merlo,1
gesso,1
cryote,1
yeyo,1
(southwest,1
zool,1
ez1,1
bo),1
l'ho,1
pfg,1
dopo,1
mcgrotes,1
mueve,1
se!,1
"steve,",1
dsr,1
bombolo,1
mcl,1
goby,1
5/15/37,1
nulges,1
fíl,1
sky?,1
food?,1
6blue,1
1992,1
progress),1
putes,1
poety,1
cem,1
100th,1
jungfrun,1
fus,1
wtb,1
(3348m,1
4++,1
expose',1
19s,1
bubu,1
bloods,1
"10,980",1
chungos,1
cuerdos,1
tío,1
blvd,1
838,1
powww!,1
ross',1
r.o.t.c.,1
m7+,1
feeds,1
jokkmokks,1
jocke,1
(es),1
wots,1
vej,1
(edges,1
(estd),1
gumdrops,1
rune,1
luknje,1
(nut),1
brez,1
este),1
j.f.s.k,1
steber,1
3531m,1
ekho,1
*69,1
3520m,1
prowness,1
spurred,1
cherry),1
(cucumber),1
mungy!,1
rout),1
podnme,1
3761m,1
terskol,1
(3100m),1
buho,1
beckdu,1
"press,",1
googy,1
chuteur,1
5.9),1
wokob,1
bokow,1
ses,1
lolos,1
polvos,1
romney's,1
escurco,1
punk'd,1
roco,1
70s,1
292,1
oeste,1
lobsters,1
"""5.9""",1
schweet,1
mutluluk,1
soll,1
(brb),1
lucky's,1
l.l.,1
boyscout,1
foom,1
nuff,1
(wulschd),1
"(""ktc"")",1
(wulschd,1
blokus,1
pocketful,1
turm,1
jeb!,1
hält,1
unterer,1
1961,1
strecker,1
oberer,1
wulschd,1
quocs,1
dost,1
"sprout,",1
gerry,1
fknsndr,1
"doghouse,",1
tweeker,1
geeker,1
out”,1
tdo,1
jeebus,1
"obtuse,",1
powerstroke,1
unter,1
treppe,1
erst,1
j.s.c,1
gun's,1
ubungswege,1
durch's,1
"doubtful,",1
schlägt,1
pever,1
zurück,1
erster,1
(r12),1
1b),1
ätsch,1
(r7),1
kurzes,1
"verge,",1
überholspur,1
(r12c),1
2b),1
rockys,1
streck,1
(r11),1
smoothness,1
(r3),1
34d,1
dredge,1
kobe,1
fedge,1
t.w.,1
prost,1
sempre,1
gretl,1
be's,1
muskulus,1
dutty,1
zuck,1
"ferret,",1
brood,1
skol!,1
"slug,",1
"returns,",1
(new,1
unterm,1
pflug,1
32oz,1
sehe,1
route!),1
weste,1
zwerges,1
nullnummer,1
trepperl,1
verlobungsweg,1
böser,1
geology,1
"turned,",1
werwolf,1
bolte,1
(frog,1
fetched,1
steves,1
127,1
pumuckl,1
500lb,1
neptun,1
ross.,1
.5.5r,1
5.8+r,1
regrets,1
(ext),1
gege,1
"ktulu,",1
chupodromo,1
bulbos,1
chèvres,1
hugox,1
b69,1
loulous,1
frowns,1
tuff'n,1
ctr,1
xcess,1
67*,1
"flopper,",1
752,1
betr…,1
troglodytes,1
négresses,1
vertes,1
trod.,1
flæ,1
"tester,",1
thought.,1
rosco's,1
bbq),1
tívolí,1
rebus,1
"truth.,",1
dre…,1
westweg,1
gut's,1
muckl!,1
xerophyte,1
"shot""",1
südweg,1
sprogg's,1
crocks,1
nemet,1
blockbuster.,1
1200',1
hour.,1
1000',1
m40,1
punch!,1
"mythos,",1
lunchbox,1
buckey,1
teseo,1
roussos,1
perseo,1
recter,1
hd's,1
"run!,",1
l'uomo,1
excess,1
bolster,1
pouce,1
bollwerk,1
oxèo,1
luce,1
reeve,1
l.h.o.,1
pros,1
steepness,1
"dweeb,",1
buddz,1
freezes,1
cumulo,1
3eme,1
gegoune,1
k44,1
perceuse,1
oppresso,1
gugus,1
chollo,1
rødstrømpe,1
ullteppe,1
skojernet,1
"få,",1
(loved,1
dodò,1
suser,1
(freedom´s,1
steps),1
fullt,1
når,1
"ute,",1
oss,1
sterke,1
souxou,1
mouxou,1
pertty,1
rosso,1
schubert,1
kostner,1
nuts!,1
"bergfuehrerweg""/route",1
steger,1
tested,1
coxy's,1
mc.,1
rockm.fm,1
"sesso,",1
eggs),1
està,1
cerebro,1
serce,1
h/2,1
trzech,1
roj,1
ruchy,1
uchem,1
meg,1
fjård,1
yogur,1
good'un,1
ogrody,1
shrek,1
cuerpos,1
escombros,1
große,1
hervé,1
clou,1
dulf,1
l'extreme,1
osez,1
nne),1
drc,1
reveur,1
jouet,1
rouge(red),1
3c.,1
père,1
(blue,1
bolhzom,1
"250m,",1
jekull,1
herm,1
chok,1
prue,1
shunned,1
(very,1
hot),1
feschtl,1
schwer,1
djure,1
mee,1
te…,1
country),1
cypres,1
seve,1
3+2,1
quäl,1
woodcocks,1
spät,1
schräger,1
fuchs,1
j.p.,1
holzbock,1
m.d.w.,1
oger,1
presskopf,1
rrrr,1
förster,1
fredo,1
wege,1
flocke,1
löwe,1
héros,1
doudou,1
pozolo,1
secteur,1
cretes,1
höhere,1
bobek,1
czernecky,1
buchner,1
oed,1
kloß,1
soß,1
blutspur,1
(30,1
cos,1
pupes,1
groc,1
foc,1
vostre,1
gust,1
5.11r,1
out..,1
bou,1
grooves.,1
"5b,",1
treu,1
p1+2,1
l'ull,1
més,1
punset,1
logurín,1
colze,1
rosé,1
sunsetter,1
spex,1
hey!,1
boyd,1
"hulot,",1
grot,1
plod,1
"shot,",1
blutered,1
cyfrwy,1
'77,1
sunlover,1
equus,1
lougheed,1
gery's,1
b60,1
thrushold,1
nsu,1
steet,1
unstuck),1
crozzly,1
"slopers,",1
throes,1
t.n.t.,1
courts,1
rocker's,1
ffoeg's,1
fluted,1
s.e.,1
wheesht,1
s.w.,1
t.t.,1
grotty,1
e.s.,1
murph's,1
pullthrough,1
(6b+,1
romos,1
pol,1
g.e.c.,1
pumuky,1
(os),1
huye,1
tdm,1
roxy,1
recuerdos,1
robobo,1
espeses,1
yugurt,1
blom,1
exceso,1
esperó,1
kk2,1
doy,1
pocho,1
vemos,1
stromberg,1
jeketepeke,1
"culo,",1
godo,1
comete,1
proteo,1
blup,1
mujeres,1
tupper,1
koermet,1
peedo,1
chos,1
"groover,",1
gyrms,1
geddy,1
#03,1
#04,1
#06,1
romex,1
homem,1
meyer,1
negão,1
fundo,1
seu,1
123,1
uruçú,1
southwestern,1
cuete,1
home!,1
hoyes,1
joyce,1
"choy,",1
tyr,1
choy,1
yurt,1
route/project???,1
down...,1
rock...,1
juggernuts,1
fecund,1
besote,1
supersymmetry,1
21st,1
dropouts,1
psycho's,1
(buttress),1
hozho,1
puncture,1
roped,1
(5.10),1
yá’át’ééh,1
"9,000",1
'yote,1
mom’s,1
treehouse,1
susey's,1
moccs,1
pezón,1
yomo's,1
embrujo,1
potro,1
rt.,1
curo,1
06:00,1
cubo,1
nubes,1
espejo,1
sobres,1
dos),1
culos,1
côco,1
expresso,1
mão,1
refresco,1
outros,1
gruyere,1
sobre,1
"dregs,",1
secundo,1
nervo,1
rudolfo,1
louco,1
goby's,1
mobeus,1
postre,1
pety,1
dollop,1
sss,1
em.,1
bestest,1
b.l.d.,1
"blunt,",1
jesters,1
move…,1
gus's,1
feesh,1
21:,1
blowjob,1
"[""from",1
pds,1
mooty,1
bookout,1
necht,1
two…,1
"""sweet",1
whoever,1
voss,1
hold'em,1
"culvert,",1
'rock,1
t.m.t.,1
flubber,1
posthumous,1
"b.l.d.,",1
zoology,1
roly,1
thoughtful,1
broomberg,1
kuch,1
sunny's,1
he),1
(fo,1
she),1
(chun,1
hedo,1
meru,1
myths,1
(zhuo,1
(萤火虫),1
dj.,1
(监视孔),1
一路都是泪,1
guo,1
你好，,1
外星人,1
湿乎乎,1
(天机墻),1
gunk,1
"run""]",1
"(""three",1
"step"")",1
查克诺里斯,1
crowds,1
huggs,1
mo),1
(ku,1
yu),1
gou,1
gou),1
shou),1
"wu),",1
(mo,1
(nu,1
gose,1
"showdown,",1
empty?,1
"thought,",1
"#7,",1
pfd,1
(pupper,1
rotgut,1
stego's,1
sprockets,1
bobber,1
prosecuted,1
zedu,1
lud,1
"posse,",1
cowboys…,1
vulture's,1
ceres,1
hodgepodge,1
lockn00b,1
m+m,1
creepshow,1
boppy's,1
punked,1
booger…,1
secrete,1
drown),1
gobot,1
(th…,1
otech,1
rookers,1
krovy,1
hymn,1
rows,1
drunk),1
5.8d,1
e.h.t.,1
"o.c.,",1
l3),1
rest),1
"methodology,",1
757,1
olly,1
solved,1
(broke),1
foxx's,1
cheezy,1
unnmed,1
sneeze,1
zyme,1
mcsteve,1
2.0:,1
2.1:,1
3.0,1
8.0,1
mmm...,1
chef's,1
romney,1
"buster,",1
jockey:,1
luster,1
sepes,1
mejo,1
ozu!,1
es?,1
serres,1
"beber,",1
l'home,1
gemecs,1
fots,1
homus,1
tro,1
heroe,1
looser,1
#18,1
(6b,1
7b+),1
grupo,1
cry),1
(cheers,1
cosh,1
crowshooter,1
proudly,1
sursum,1
typhus,1
"nutter,",1
pry,1
sugopy,1
pullover,1
neb,1
"knutter,",1
hood's,1
comus,1
brooks',1
"busker,",1
bodger,1
subsevere,1
"tvp,",1
4m),1
mccoubrey,1
"rut,",1
p.t.o.,1
sucker's,1
3rs,1
sweet.,1
soul.,1
full.,1
"kreutzer,",1
#1.,1
#2.,1
#3.,1
free.,1
cholos,1
db's,1
buys,1
september's,1
über,1
ok:,1
luvr,1
scoopy,1
não,1
mesmo,1
mulher,1
medo,1
grego,1
homf,1
50/50,1
frosty's,1
kourndoggs,1
doosh,1
oooze,1
"prob,",1
prescott,1
"news,",1
rt),1
"gundown,",1
"ewok,",1
j.c.'s,1
nul,1
meure,1
bénénuts,1
heureux,1
clocher,1
cocher,1
gott,1
bheem,1
schupo,1
bhet,1
365,1
perfo,1
1628,1
l'uncm,1
1957,1
1954,1
peche,1
pressée,1
slotter,1
squotter,1
otterssey,1
2012,1
hou,1
soul's,1
bloddy,1
vpn,1
"(ybrr,",1
frees,1
(yu,1
mu),1
(he,1
(gu,1
du),1
hu),1
kyber,1
lobos,1
usul,1
butchers,1
pupert,1
(pom,1
fluffer's,1
pupert's,1
complot,1
cerote,1
glotón,1
fnf,1
pudo,1
suroeste),1
brosse,1
âme,1
guèpe,1
fougère,1
exégèse,1
"oogly.,",1
obsured,1
vcerro,1
su's,1
mlk,1
mustro,1
xue),1
(dou,1
huo),1
(wo,1
tuo),1
xue,1
zoomers,1
you'd,1
****,1
pugg,1
love'n,1
nemoy,1
prosper,1
howser,1
polly's,1
"hose,",1
(guo,1
nugues,1
sûre,1
mutlos,1
jetty,1
turnt,1
smokeshow,1
rubbed,1
"gee,",1
cuckold,1
powerspot,1
pénélope,1
neuve,1
lâché,1
lousse,1
doux,1
thumbstruck,1
cows',1
zog,1
greeter,1
hogopogo,1
cyopeck's,1
dogged,1
skunked,1
"pug,",1
flogged,1
"root,",1
rockhopper,1
procol,1
humbug,1
cbs,1
lowbrow,1
zucker,1
zebrée,1
''8'',1
"""l…",1
hypothénuse,1
colère,1
douves,1
cour,1
mâché,1
sop,1
vénus,1
cherze,1
chesk,1
osoyoos,1
pulq,1
flo?,1
95,1
déteste,1
légumes,1
thrombose,1
d'épée,1
l'nez,1
(projet),1
vo2,1
roudoudou,1
prompt,1
moufette,1
oksos,1
tes,1
bébé,1
"m3+,",1
45m,1
85m,1
4/20,1
pomme,1
crâne,1
5.11/5.12,1
howls,1
pocket),1
flotte,1
cèdres,1
soucoupe,1
détecteur,1
peu...,1
p..,1
flèche,1
d...,1
numéro,1
mcm,1
groomed,1
(5.10,1
sunstroker,1
sm's,1
"gmb,",1
severe,1
koko,1
netsky,1
huups,1
stumps,1
yoghurt,1
neptunes,1
fop,1
dyhedro,1
(5.12),1
ps4,1
chungus?,1
mémé,1
sept,1
coté,1
gouffre,1
gervèze,1
gré,1
(projet,1
ouvert),1
comtesse,1
frousse,1
l'ours!,1
l'ours,1
pépère,1
ouste,1
pépé,1
pérée,1
légo,1
rêves,1
grâce,1
égo,1
chèvre,1
brosses,1
chèche,1
comte,1
l'uru,1
kru,1
chomosomes,1
chromosomes,1
mulots,1
rotue,1
(hugh,1
posh,1
"pusher,",1
poem,1
boulter,1
ecbtn,1
"through,",1
sully,1
"koosh,",1
"bucket,",1
slown,1
scot's,1
scot’s,1
syncope,1
"""std""",1
(nester,1
seebe,1
clump,1
hecubus,1
butty,1
spheres,1
buttrez,1
brock's,1
journeys,1
"frodo,",1
globetrotter,1
bress,1
b.c.,1
ugy,1
rollls,1
brunser,1
"hungry,",1
ferret's,1
dressup,1
pro?,1
dugh,1
bolger,1
"hopper,",1
lovebolt,1
pussy's,1
kye's,1
neutered,1
esteem,1
rebuff,1
"goodbye,",1
"system,",1
boozy,1
(9),1
keyfus,1
"lodge,",1
ed.,1
next?,1
project**,1
berrycup,1
beg,1
spro,1
etx,1
$200,1
sunk,1
burst.,1
pocks,1
30/30,1
kopus,1
phew,1
blobbet,1
tembo,1
bulger,1
pupuke,1
hebe,1
chup,1
ver,1
greyskull,1
"grey,",1
templo,1
bere,1
hereje,1
jocker,1
qué,1
cuervos,1
güero,1
güey,1
costecho,1
joyeuse,1
jose's,1
voces,1
"ver,",1
museos,1
socotroco,1
recurso,1
rostro,1
wedgy,1
névé,1
slobo,1
lunges,1
"trousers,",1
1080,1
ferrer,1
clu,1
ucr:,1
suroeste,1
expo,1
jésus,1
"trous,",1
mouvs,1
sherbrooke,1
flq,1
petes,1
votre,1
règne,1
resource,1
dolní,1
zouf,1
tâche,1
yves,1
puf!puf!puf!,1
lèvres,1
colombe,1
glouglous,1
urubus,1
herbe,1
bobette,1
motte,1
"""speech""",1
juge,1
gomery,1
froc,1
lollypops,1
hooker),1
trucutro,1
"prophetess,",1
güeros,1
cow'),1
ulf,1
4/21,1
muchos,1
codyote,1
puso,1
rouge?,1
"rocher,",1
ergos,1
buddy!,1
guey,1
"ufos,",1
cerdo,1
estereo,1
zoose,1
"fez,",1
zooze,1
nuestros,1
"prow?,",1
"chub,",1
hotep,1
ruth's,1
v9s,1
boob?,1
211,1
errol,1
chook,1
odb,1
rumbly,1
tumbly,1
flyte,1
hoots,1
overgrown,1
woodwose,1
groggy,1
do…,1
f!@,1
$%g,1
keys?,1
"fukness,",1
fukness,1
dob,1
"shrew,",1
huberts,1
"hopeful,",1
bunches,1
116,1
rd.,1
reducer,1
dgs,1
scot…,1
slugshow,1
houseful,1
p2),1
shoppe,1
"gets,",1
crusty's,1
tro…,1
combo,1
lotter's,1
troppo,1
mjs,1
behr,1
behrly,1
"best,",1
sketchfest,1
botty,1
3.25,1
4.5,1
世界末日,1
天空之城,1
3ème,1
column),1
(stretched,1
mou,1
bold(project),1
cunt,1
expose,1
"dutchess,",1
dutchess,1
"puke,",1
moj,1
reefers,1
tusker,1
beréber,1
loob,1
holster,1
cogburn,1
hunger),1
crudos,1
"punk,",1
dot!,1
nudy,1
usc,1
"met,",1
220,1
"provo,",1
buttplug,1
401,1
mooshy,1
"pot,",1
l.b.s.,1
mehöff,1
slopee,1
chute's,1
"bojo,",1
kármán,1
"duchess,",1
polywogs,1
seul,1
counted,1
sqeeze,1
terry,1
rosy's,1
t'pol,1
coocoos,1
exhumed,1
"overture,",1
q.d.,1
sumptuous,1
flotsom,1
shrouds,1
crotchety,1
cultureshock,1
glom,1
flunky,1
plymouth,1
froopsy,1
frooperhero!,1
froops,1
"froops,",1
dregs,1
tees'.,1
loew,1
doom's,1
m.o.w,1
(mouth,1
老鼠的诅咒,1
puls,1
sexzähplus,1
l'hypothénuse,1
heroïne,1
blody,1
h.s.v.,1
(барабан),1
(парфюм,1
бейби),1
(тим,1
билдинг),1
grc,1
gewußt,1
typsy,1
trunks,1
yuzmek,1
croob,1
serbest,1
retey,1
erk,1
pembe,1
"usher,",1
buster's,1
scoots,1
"country,",1
cest,1
efe,1
uzuhn,1
flyover,1
gout,1
l'omu,1
prete,1
d'un,1
fênes,1
sj1,1
presse,1
perdue,1
y!!,1
sex+,1
komu,1
šestková,1
štěrbův,1
wc.,1
kokoš,1
potres,1
yugo,1
g.h.m.,1
chéré,1
mozků,1
škrt,1
colosses,1
courtes,1
souru,1
kc's,1
musume,1
cope,1
kumer,1
burrow,1
edgey,1
loopdy,1
sloop,1
(いきのいい奴),1
ミヤザキミドリ,1
ムーンビーム,1
"""キャンドル",1
jun,1
suru,1
j.m.c.c.,1
subete,1
seseko's,1
berujueeru,1
कडा,1
长沙公主,1
金银珠宝,1
kou,1
jug?,1
drum),1
星际战舰,1
sophy,1
埃利奥特龙,1
非林佛龙,1
魔法龙,1
偷偷摸摸的龙,1
想入非非,1
vedro,1
大汉丢了猫,1
受伤时间,1
斗鸡眼,1
想念雪,1
老虎皇后,1
l’echo,1
me.,1
veer,1
neer,1
louvre,1
used),1
(स्कॉटीश,1
sunflowers,1
(无所谓),1
hesh,1
lun's,1
dou,1
tung,1
(掏鸟窝),1
grubby,1
uyghur,1
clutches,1
bpm,1
uunnggghh,1
crux?,1
budz,1
whodunnet?!,1
tree!,1
"pumpus,",1
sky),1
4500,1
"bee,",1
heun,1
mood),1
gruntfest,1
"beehouse,",1
"co,.",1
"co.,",1
susu,1
chep,1
fuer,1
"bros,",1
b.p.l.,1
ber,1
zezette,1
poket,1
dulu,1
scruff,1
clusterfuk,1
slomo,1
plops,1
scootchums,1
suzy's,1
'two,1
zpg,1
kesey,1
kudos,1
browner,1
trees),1
rhythms,1
"swedge,",1
swedge,1
"op,",1
hobbs',1
postem,1
rosey,1
cruntched,1
24),1
wu's,1
tevo,1
b.f.f.,1
l.o.l.,1
90's,1
"truly,",1
jeffrey,1
updog,1
pullock,1
syndrome.,1
yolked,1
"beowulf,",1
job.,1
buddy's,1
wedget,1
p.d.,1
knucko,1
knucko's,1
chuckers,1
sex…,1
"poser,",1
shopper,1
g.e.d.,1
o.e.,1
"test),",1
"b.e.g.,",1
skynet,1
youngerberry,1
(flo),1
boldly,1
though),1
terr's,1
gunned,1
fobes,1
lobodomy,1
brucy!),1
jockeys,1
"scotty,",1
freek,1
skye,1
kredulf,1
sulu,1
reserve/,1
reserves,1
overshoes,1
d.w.p.,1
chewey,1
much…,1
runes,1
(km…,1
funhogs,1
dummy's,1
pullups,1
$1.59,1
tuck),1
gere,1
gumshoe,1
1056),1
unwed,1
nerd's,1
westerners,1
nurn's,1
smurf's,1
doomed,1
gumjob,1
t00b,1
overs,1
ere,1
"dmb,",1
excuuuse,1
"bern,",1
nuñez,1
preggers,1
boozers,1
b.m.t.c.,1
groups,1
doke,1
gozer,1
kromm's,1
system),1
overflow,1
fece,1
1326,1
mcchoss,1
(full,1
"fetus,",1
sokolove,1
hunchy,1
bunchy,1
feugo,1
ok1,1
ok2,1
mccoy),1
5500,1
text,1
jeers,1
pfm.,1
klown's,1
"churner,",1
schred,1
t.o.b.,1
krmfp,1
kuzco,1
10.b,1
11.c,1
losses,1
png,1
thrutcher,1
bezerker,1
symo,1
thuh,1
"just,",1
um...,1
kro's,1
eddy's,1
e.b.'s,1
svety,1
sloper's,1
cluckers,1
"""routt",1
blunted,1
scrooged,1
ezy,1
troop,1
fruh's,1
booch,1
"""beep",1
phunk,1
foxxy,1
number?,1
dowd,1
echopox,1
nunchucks,1
numbskulls,1
suckerpunch,1
scoo,1
shocks,1
"surrounds,",1
buckbo,1
msb,1
"hugger,",1
holds?,1
glued,1
murky,1
surround,1
westerns,1
yegg,1
psom,1
209,1
boghee's,1
supercuts,1
1986,1
pousse,1
gollums,1
goosebump,1
"steepness,",1
12:28,1
jeur,1
heures,1
sperrys,1
rostrum,1
getcher,1
f.y.g.,1
prefunk,1
"crust,",1
b^2,1
perked,1
trotter,1
gefällt,1
bulk,1
qukes,1
chekhov's,1
slsb,1
$500,1
$600,1
"secrets,",1
summerset,1
bouef,1
hefner,1
puppy's,1
could'nt,1
schmooter,1
judy's,1
rooted,1
"swoosh,",1
"shooter,",1
thumby,1
"trucker,",1
spud's,1
keough,1
funyuns,1
d.d.d.,1
"lost,",1
"slopster,",1
slopster,1
beverly's,1
"ruff,",1
thumb's,1
rockers,1
ver's,1
(shoe,1
boss?,1
jbs,1
josé,1
chewed,1
escuche,1
eugoogooly,1
kew,1
feet'),1
peter'),1
emm,1
schulte,1
ger…,1
pepé,1
"who,",1
667,1
future),1
f***ker,1
ef…,1
ne),1
slurpee,1
zooloo,1
"gods,",1
"""shot",1
eggstreme,1
wump,1
chuffed),1
joe’s,1
mockery,1
589,1
struts,1
(geek,1
groom's,1
superstem,1
"shout,",1
l.d.,1
funge,1
comechochos,1
romo,1
xxl,1
loskot,1
hooters.,1
royos,1
tururu,1
terreros,1
från,1
somos,1
muere,1
lujo,1
fucks,1
ub40,1
woppo,1
buf!!,1
"bolt),",1
dubh,1
homoerectus,1
"hound,",1
tuzo,1
kerplunk,1
huh?!?,1
b35,1
cobre,1
roger`s,1
wood's,1
"6b,",1
höger,1
snett,1
brunetter,1
skräck,1
efter,1
brewer,1
usher,1
"robe,",1
vouchers,1
eech!,1
"sod,",1
huntly's,1
ugh!,1
ldv,1
c.n.d.,1
foks,1
testeru,1
regodón,1
juego,1
"(v,",1
v+),1
tch,1
chokehold,1
cucu,1
tropo,1
(16568,1
(17073,1
"3,819m",1
pues,1
estress,1
verdures,1
berberecho,1
ser,1
freky,1
potes,1
trumfus,1
perepunyetes,1
ktploptr,1
d'ombres,1
efectes,1
stá,1
ferro,1
fet,1
smuc,1
perfums,1
boobe,1
murdoc,1
"vern,",1
bêtes,1
curé,1
5.9:,1
(krull,1
dulfer,1
poupe,1
lépeulé,1
jeté,1
josué,1
polywog,1
(skunk,1
ypres,1
1ère,1
(mystère,1
gomme),1
express),1
l'yfe,1
dwete,1
moteur,1
goute,1
rockeur,1
gue,1
seres,1
próspero,1
sólo,1
cyclope,1
¡soy,1
octubre,1
esfer…,1
puños,1
feo,1
suyo,1
merece,1
josué's,1
putre,1
"mujer,",1
1697,1
reb,1
wolly,1
sockboy,1
scootn,1
[knees,1
shreks,1
pekker,1
(b.o.b.),1
n.o.c,1
ducker,1
"redneck,",1
5.13?,1
newschool,1
2000.com,1
bushed,1
dumber,1
dumberer,1
robot!,1
cubs,1
"preserves,",1
n.p.0.,1
"hunger,",1
"1852,",1
(down/duck),1
clove,1
fozzy,1
xtc,1
hully,1
funemployed,1
sycho,1
gooses,1
"goot,",1
funds,1
reg,1
vox,1
succube,1
plomo,1
boulot,1
gueuse,1
coloured,1
(get,1
some),1
need's,1
bed's,1
ester,1
mcnerthney,1
"threesome,",1
fundy,1
b.f.b.p,1
pushers,1
globetrotters,1
seymour,1
lubo,1
obey,1
(huck,1
"""good",1
guess?,1
pop.,1
bootup,1
skukum,1
neger,1
kunstflug,1
schee,1
(kurt,1
übers,1
kuckucksnest,1
w.e.h.,1
wolggn,1
lockerungsuebung,1
r1),1
youngster,1
uns,1
unsere,1
3b),1
sylvesterweg,1
?????,1
schröll,1
schnäpper,1
duo),1
frühstück,1
1.000,1
13te,1
(werners,1
pfusch,1
gosh!,1
2046,1
vernunft,1
bevers,1
rote,1
dotsch,1
sumpfwurzweg,1
sturzflug,1
gläserne,1
teddybär,1
feuchtes,1
krug,1
k.d.n.,1
dreck,1
muss,1
coléreux,1
yewéné,1
(100,1
joyeux,1
goguette,1
sup,1
brousse,1
mélody,1
hommes,1
fesses,1
gre,1
pou,1
jeux,1
crosse,1
zut,1
pouf,1
lym,1
peste,1
rhum,1
sueurs,1
dégôut,1
bess,1
superhussy,1
käse,1
fette,1
goldbär,1
bunte,1
socke,1
kässok'n,1
bremse,1
weg),1
lücke,1
volk.,1
r1c,1
r1d,1
r1e,1
messers,1
zopf,1
geht's,1
fruchtzwerg,1
herbstweg,1
sommerweg,1
brücke,1
blut,1
xxxx,1
sw1,1
sw2,1
lärm,1
bück,1
fuchur,1
zyklop,1
mosche,1
tholos,1
eolo,1
1926,1
nere,1
termometro,1
freddo,1
beppe,1
gufo,1
pulce,1
"""dulfer",1
"ovest,",1
zucchero,1
c'e,1
polvere,1
kert,1
seg,1
jerngrepet,1
rogn,1
prepp,1
f...,1
heftyes,1
søre,1
"(""good",1
skog,1
dobrem,1
frezer,1
umyslowy,1
shower),1
olve,1
sette,1
creste,1
puffo,1
serpe,1
perse,1
fessure,1
buket,1
(wolf.com),1
knekk,1
(sheep.com),1
eter,1
soul),1
söze,1
"gesund,",1
hoyre,1
klod,1
ktr,1
tsouk,1
bocsák,1
esős,1
tull,1
odú,1
bekyros,1
(ντίντα),1
bozk,1
gomme,1
egy,1
víz,1
táncórák,1
szertáros,1
fürge,1
tükör,1
álom,1
egyéves,1
becher,1
emlékút,1
omero,1
solomos,1
efterpe,1
fes,1
boubou,1
reste,1
oyzo,1
koufos,1
rozos,1
jerome,1
myros,1
utero,1
problème,1
dulces,1
l'ovest,1
otr,1
béke,1
(steger,1
n.w.,1
verschn…,1
lupo,1
commune.,1
south,1
ovest,1
route”,1
oggy,1
42.,1
bevágás,1
47.,1
páfrány,1
48.,1
recsk,1
43.,1
44.,1
45.,1
46.,1
százmárkás,1
zöld,1
görcs,1
szép,1
szörnyeteg,1
szénbányász,1
tányérok,1
fekete,1
57.,1
53.,1
54.,1
55.,1
román,1
56.,1
58.,1
káosz,1
59.,1
völgy,1
60.,1
39.,1
36.,1
kísértés,1
37.,1
repül,1
38.,1
tevefej,1
41.,1
sötétség,1
bástyán,1
klubból,1
eyerok,1
bowser’s,1
bombs),1
scro,1
"chef,",1
butter),1
sunset......5.10,1
ceroots,1
serve),1
"brown,",1
bro…,1
splotch,1
hhecht,1
"hounds,",1
steeped,1
fryer,1
choker,1
r.s.,1
739,1
740,1
sockeye,1
4u2do2,1
urdu,1
"cop,",1
oddjob,1
hurly,1
mutterers,1
"hem,",1
betsy's,1
snnfchtt,1
jody,1
peckerwood,1
herds,1
"gbm,",1
"test.,",1
gbm,1
l.k.,1
bologny,1
"trueverse,",1
611,1
club…,1
tk421,1
suess,1
woose,1
rots,1
goeb's,1
sdr,1
rhymer,1
hootch,1
sungs,1
collossus,1
solosby,1
everywhere),1
15?!!,1
"gettysburger,",1
peros,1
negros,1
sommet,1
plummet,1
buyer,1
trust…,1
wnw,1
beckey…,1
(w/,1
bubb?,1
burd,1
hurd,1
bynum,1
"""bob",1
ghost),1
punk's,1
2010,1
"lowdown,",1
peepshow,1
edger,1
wedunett,1
jerry’s,1
dumphrey,1
humphrey,1
trebuchet,1
puny,1
rockocco,1
futch,1
moly,1
burgundy,1
folly:,1
bub,1
me...,1
coul…,1
ghul,1
(r…,1
"shook,",1
odysseus',1
ulysses',1
mcstumpy,1
hood),1
"musketeers,",1
ok…,1
"hunk,",1
tubers,1
"5.0,",1
solo.,1
fugly,1
b.t.),1
"b.t.),",1
bumpus,1
sods,1
1b1rp,1
jyl,1
mctuber,1
r.d.,1
"rollover,",1
(b.o.e.,1
"l.),",1
spumco,1
rte,1
dweeb,1
2911),1
s.),1
holyness,1
munster,1
mess?,1
funked,1
b.l.t.),1
fernery,1
"breeze,",1
sevy,1
(sunset,1
shoes!,1
"yurt,",1
vert…,1
poppycock,1
ours,1
"hedge,",1
golfer's,1
schmooze,1
spoodge,1
bookhouse,1
edgehogs,1
"gulp,",1
fetcher,1
cccp!,1
stego,1
"lucy,",1
15),1
510c,1
ete…,1
zukes,1
gerrytromp,1
"oz,",1
r2d2,1
o.f.u.c.,1
specter,1
"threshold,",1
eulogy,1
(retrobolted,1
check),1
spooked,1
"puke),",1
"buzz,",1
(mudblood,1
judged,1
ptsd,1
ewoks,1
gettysburg,1
strobe,1
puffy,1
"pew,",1
"were,",1
"jester,",1
rook's,1
septem,1
(summer,1
"""blt",1
sheryl's,1
peryl,1
lundy,1
ferny,1
moloko,1
er.,1
mccovey,1
tubed,1
pukes,1
blvd.,1
"mosstrum,",1
mosstrum,1
hummocks,1
wetness,1
purty,1
mommy's,1
mossed,1
(mystery,1
e.l.p.,1
5.10.,1
router,1
spooky),1
block/gully,1
zombee,1
"boy),",1
(e.g.,1
chemsex,1
geko,1
terrys,1
chocksucker,1
vets,1
shrove,1
smedge,1
boche,1
boche…,1
scurf,1
puker,1
terete,1
"hex,",1
stemmy,1
peek,1
chossydms,1
bro?,1
trs,1
5.11b/5.10d,1
lulz,1
comedumpster,1
hoppy's,1
treverse,1
herc),1
"temptress,",1
"greeboo,",1
greeboo,1
"ro,",1
"roc,",1
sex....,1
"sumb,",1
"empress,",1
sumb,1
cummed,1
groove?),1
unlucky,1
e.f.c.,1
crowes,1
mythos,1
guru),1
smug,1
heet,1
pu239,1
u238,1
"get,",1
round…,1
sucre,1
"perverts,",1
(5.11b),1
(thumper,1
203,1
205,1
who'd,1
quote,1
coldshuts,1
petzoldt,1
(se),1
psudo,1
(sk…,1
reemed,1
2015!,1
1812,1
trg,1
"cowboy,",1
festus,1
slotsky,1
euroboy,1
skybox,1
"voo,",1
cumulus,1
country…,1
ttl,1
ttr,1
w.c.,1
psychoshop,1
gehe,1
jetzt,1
nfl,1
out…,1
jombo,1
"pours,",1
currey's,1
oslund's,1
treesy,1
v5+,1
box…,1
prologue,1
nervously,1
12th,1
"process,",1
emu,1
suzu…,1
gyps,1
"never,",1
dollywood,1
juxt…,1
"13th,",1
tuber's…,1
cheese),1
"swoop,",1
(lsd),1
"boltchoppers,",1
gert's,1
bevos,1
??????,1
curfew,1
us…,1
rgr,1
grown,1
beet,1
ems,1
"jeff,",1
woute),1
furrowed,1
doom),1
superchunks,1
"bully,",1
breezes,1
(5.11c/5.9),1
hed),1
smoove,1
"steppes,",1
roux,1
"doo,",1
keds,1
newts,1
bugg,1
geometree,1
"ghosts,",1
schock,1
mctugg'n,1
451,1
hecks,1
t.v.,1
treesus,1
w.w.t.d.,1
cushy,1
nubus,1
semper,1
superchunk,1
rope?,1
714,1
p.o.t.c.,1
fourche,1
buckspeck,1
rocksuckers,1
doldrums,1
mulchers,1
"urn,",1
powerhouse,1
putz,1
cockblocker,1
dooby,1
"curl,",1
"creeper,",1
brushrunners,1
zummer,1
87th,1
"cesspool,",1
gp?,1
lucy?),1
442,1
pwb,1
cooldown,1
opj,1
rod's,1
thrombus,1
"""never",1
dunces,1
(n.,1
(supreme,1
(e.,1
choked,1
roper,1
robby,1
neology,1
sombreros,1
megs,1
crosses,1
becomes,1
(ssmm),1
speedo,1
001,1
woodruff,1
4:19,1
crosseyed,1
bruuuuhhhh,1
chuntz,1
"looker,",1
yew!,1
f.x.,1
processed,1
v.d.,1
yesh,1
pooter's,1
your…,1
tyros,1
"observer,",1
must!,1
zyzzxx),1
potrero),1
zyz…,1
sespe,1
blush,1
boy),1
slough,1
servo,1
bfg,1
"""power""),",1
get!,1
somers:,1
lower…,1
brokehold,1
mtn,1
prunny,1
olé,1
meh,1
seth,1
eurodog,1
scotts,1
boojum,1
5.12?,1
tkfp,1
rowe's,1
stumper,1
crud,1
runny,1
bloch's,1
churd,1
s.k.k.,1
blowers,1
sundowner,1
fund),1
5.??,1
shoop,1
"brunch,",1
(freer's,1
cheers),1
shot!,1
voom,1
"better,",1
merger,1
slurm,1
rootbeer,1
t.j.,1
cookoo's,1
cookoo's…,1
5.13.,1
fpos,1
weeper,1
(proj.),1
duce,1
mouthfull,1
doubts,1
gungho,1
protester,1
woozy,1
evolver,1
dufus,1
$:@%*~!,1
"plume,",1
"kur,",1
kruezer,1
struck,1
cold!,1
"""run",1
shoot',1
muldrow,1
c.p.o.p.,1
greevers',1
everywhere's,1
#72,1
#73,1
"sesh),",1
sesh),1
"shusher,",1
f.u.d.g.e.,1
butcher’s,1
edged,1
yngyngyng,1
bubb,1
outre,1
temper,1
knup,1
curtlovesugly,1
bosoms,1
cheryl's,1
h's,1
express?,1
88mph,1
.11,1
hodge,1
podge,1
protege,1
c++,1
unjust,1
"buggerer,",1
pot...,1
supe…,1
crock),1
freebox,1
coq,1
uvb,1
superfund,1
hydropower,1
wwc,1
zumwot,1
zoey,1
supremo,1
grog,1
smut,1
umc,1
"m.,",1
c.o.t.o.,1
fogg,1
turkey/,1
"9,242",1
"9,300",1
hmm!,1
tu…,1
perch…,1
turkey),1
two?,1
set!,1
9.925,1
mugged,1
buffness,1
sowed,1
utterly,1
verb,1
boul…,1
mute,1
"curb,",1
ft.,1
gemus,1
she'll,1
c.c.v.,1
cocker's,1
somber,1
colossus:,1
trout:,1
crusher's,1
gunner's,1
gbu,1
"'b',",1
"product,",1
bbc?,1
7/11,1
estrus,1
curds,1
lowered,1
from?,1
olh,1
gogh's,1
fogged,1
tur,1
trout's,1
1937,1
youre,1
jeffery,1
"peter,",1
huecoed,1
(5.6,1
hour?,1
slouch,1
thc,1
"luck,",1
"rescue,",1
rockover,1
"funky,",1
"throw,",1
surp…,1
cjmd),1
unseemly,1
ocd,1
whee,1
dressers,1
tux,1
dumps,1
ebee,1
ketex,1
"vow,",1
vow,1
retrospect,1
mooch,1
psychopomp,1
egbg,1
syne,1
g.c.,1
beets,1
bbd,1
dsb,1
bombus,1
"throb,",1
furst,1
betwee…,1
egos),1
tee’s,1
checkout,1
"prufrock,",1
must…,1
ch4,1
jeff!,1
returns),1
bcl,1
thugged,1
tecumseh's,1
trekker,1
cybersex,1
stretcherous,1
psyberpunk,1
"59""",1
grundy,1
"cough,",1
recurve,1
duhl,1
temet,1
logged,1
fluffer,1
goldmund,1
koops,1
98.6,1
numbered,1
bsu,1
16oz,1
you?!?!,1
vfun,1
herky,1
413,1
kāne,1
bob's…,1
"yup,",1
lop,1
sundrop,1
runts,1
e.p.,1
occult,1
"bloom,",1
"sneeze,",1
phut's,1
kooks,1
zogg,1
(cpl),1
6:9,1
does.,1
2:20,1
8:12,1
9:23,1
5:8,1
drum's,1
"ext,",1
shloppy,1
judgy,1
yvette,1
"ungol,",1
hobbomock,1
power's,1
koots's,1
"chump,",1
pun,1
looker,1
o.b.,1
k27,1
duddly,1
????,1
f.s.r.,1
sheep?,1
lsh,1
nbd,1
suncup,1
mythology,1
409,1
"puffer,",1
bedbug,1
chestnuts,1
cut),1
"chuck,",1
9cow,1
"hoss,",1
t.e.l.p,1
ufology,1
bullock,1
mcjugs,1
surf'n,1
powerful,1
fjl,1
lock'n,1
vhs,1
e=mc^2,1
bete,1
locutus,1
"gomez""",1
"tv,",1
observe,1
bomb’s,1
mór,1
sty,1
purr,1
broker,1
recount,1
"rocky,",1
c.r.b.,1
"tu,",1
lowekey,1
$10,1
modus,1
hoses,1
goldrush,1
mouse/,1
cryst…,1
8mm,1
"rooster,",1
"plow,",1
un…,1
bedwetter,1
"cub,",1
hypergoulotte,1
"wolf),",1
burns',1
rebolt,1
pwthfrwdlgs,1
278,1
268),1
curls,1
combo?,1
rudy's,1
"12,045",1
skyrocket,1
dov,1
"drool,",1
(proposed),1
flow),1
scull,1
musso,1
rupee,1
cry…,1
bob...bombs,1
tese,1
bob...bom…,1
bro'd,1
wolf],1
dresses,1
tekneek,1
fun.,1
escergot,1
volts,1
"web,",1
speech,1
except,1
lug's,1
sourpuss,1
ergs,1
dyne,1
bock!,1
"holdup,",1
holdup,1
[truth,1
(cost,1
bhhb,1
meesh's,1
bubb's,1
mudblood,1
pwy,1
dozey,1
"host,",1
hunkey,1
superpowers,1
"producers,",1
producers,1
2112,1
2150,1
b/c,1
buns),1
jmpt,1
"verse,",1
protest,1
sweetly,1
1st…,1
hollow's,1
"mousketeers,",1
culp's,1
klyr,1
ft),1
eyre,1
trumpeter,1
uct,1
pocket's,1
strege,1
golum's,1
rght,1
"zephyr,",1
kruger,1
(bbtb),1
beowulf,1
bulbus,1
mombé,1
mushmouse,1
volobee,1
jolobee),1
wholly,1
goose?,1
fergus,1
getup,1
(surfer,1
bulge.,1
owls,1
putty),1
sundress,1
freedom),1
bloop,1
"owls,",1
krum,1
mower,1
dutchez,1
"v0,",1
wtf,1
scoop),1
doxology,1
100',1
f/s,1
trusted,1
(g),1
(su…,1
(hvs),1
flue,1
cupped,1
putter…,1
rednekk,1
justus,1
rouser,1
"rusty,",1
cru…,1
beeper,1
chubsy,1
grü,1
"""th…",1
dud,1
mournful,1
spurge,1
pos,1
purposefully,1
bolt's,1
69.5,1
run),1
"j),",1
ever!),1
umph,1
tymer's,1
huffy,1
pressure),1
summer's,1
gogo,1
cur,1
poops,1
'69,1
sub…,1
wretches,1
temur,1
"ruse,",1
"sub,",1
sow's,1
bedrock's,1
0.5,1
scrubby,1
pseud…,1
dodgy,1
bushwood,1
"butter,",1
clunky,1
joes',1
why?,1
"youth,",1
"plunge,",1
old'n,1
h20,1
hms,1
esse,1
bubbo,1
budtress,1
sou'west,1
"mosh,",1
bubbo's,1
brewery,1
bg's,1
bosh,1
(suggested),1
osso,1
bocco,1
(dog,1
(suggested,1
gunny's,1
"""n""",1
pmd,1
neko's,1
dudh,1
bob…,1
lhotse,1
coyote's,1
kuntz,1
teed,1
sloth:,1
wolf),1
shuckbugger,1
(guess,1
cows),1
grylls,1
"""n,",1
oxbow,1
but...,1
rosette,1
throwlo,1
verly,1
eurotrou,1
"shocker,",1
"woodpecker,",1
durfee,1
"beetroots,",1
"crowd,",1
bloodsucker,1
cdh,1
hug/,1
110,1
beetroots,1
"thresher,",1
pullup,1
157,1
dustbowl,1
cetus,1
u2rnxs,1
edgej,1
(dc),1
mount…,1
hobbes',1
jett,1
5.11c/d,1
buts,1
"""choss",1
1978,1
(blm),1
petered,1
hooper,1
muscogee,1
"pokey,",1
downsroke,1
t.k.o,1
jefe,1
brutus',1
shootz!,1
zeus',1
96°,1
bettys,1
poseur,1
remove,1
xoxo,1
hoppe,1
rodger's,1
cutty,1
scully's,1
"ewoker,",1
ewoker,1
freed's,1
pews,1
"comet,",1
cooter’s,1
cuz,1
pockets's,1
"dws,",1
hover,1
perl,1
kurk,1
"plumb,",1
tutt,1
shook,1
heche,1
brochure?,1
newt's,1
newt…,1
v0/1,1
"hot,",1
mudd,1
loopty,1
groper,1
60+,1
crushers!,1
petro,1
(oss),1
journey),1
5.9r,1
141,1
chopped),1
unloved,1
93/94,1
.10b,1
myst,1
sneezy,1
(beh?),1
smurfcock's,1
"crowns,",1
flossed,1
flosse…,1
lute,1
rebuffer,1
"crows,",1
(kerry,1
550,1
jus…,1
"groper,",1
purrs,1
she…,1
"suspects,",1
"sweet,",1
potsmoker,1
mcpot,1
"guys,",1
needful,1
reedr,1
me's,1
rotund,1
11+,1
kloos,1
mo's,1
"rotund,",1
ever!,1
tmg,1
where'd,1
proboscus,1
steeze,1
tweezer,1
tessty,1
fudd's,1
"cooked,",1
fb),1
frye's,1
gypsys,1
"tempest,",1
trotsky,1
prospero,1
dyce's,1
pus,1
kudzu,1
115,1
sundog,1
"county,",1
reserved,1
luck's,1
pogue,1
duke's,1
"exodus,",1
synergy,1
(bbbb),1
"jr.,",1
"c's,",1
brochure,1
boogered,1
"""gumby",1
"bump,",1
trucks,1
wex,1
pop!,1
zoom!,1
youths,1
"verve,",1
blooms,1
"struth,",1
duped,1
loblolly,1
schmutz,1
superbulge,1
herc,1
"crux,",1
mummer's,1
protected,1
"flood,",1
gus',1
bubbs,1
bj's,1
cutloose,1
gregg,1
merv's,1
scrumpet,1
"goes,",1
sweethog,1
byrds,1
peg's,1
bluster,1
oyl,1
tlc,1
youth!,1
"dock,",1
"moth,",1
fourth…,1
popover,1
ethos,1
joeys,1
"pepper,",1
homerun,1
juggs,1
outs,1
n.l.c.,1
ruse,1
robber,1
o.b.d.,1
sprecher,1
1/5,1
texmex,1
knew,1
v4/5,1
"mollusk,",1
mollusk,1
meech,1
merky,1
nerds),1
grunges,1
couth,1
"roger,",1
fresh?,1
b.k.,1
kum,1
"bold,",1
"loose),",1
exquze,1
loose),1
gotz,1
boog's,1
“old,1
gheezer,1
wheezers,1
good...,1
growl,1
brooms...,1
"puppy,",1
eumeces,1
"mob,",1
myndset,1
"butcher,",1
klown,1
suttree,1
gumbee,1
tj's,1
lobes,1
hotness,1
bumppo,1
knubs,1
slybrows,1
unkown),1
hetchy,1
blue),1
out're,1
groove),1
5.9x,1
"stegg,",1
hops?,1
2001),1
2006),1
home?,1
r.e.d.,1
yolks,1
(n.v.u.),1
"groundhog),",1
blb,1
goobs,1
plots,1
doubt...,1
cypher,1
presses,1
khumbu,1
"feet,",1
screech,1
hundreds,1
freedoms,1
pbj,1
costume,1
crunk,1
"cutpurse,",1
drumm,1
dunky,1
bumper's,1
treehugger,1
treet,1
bedwetters,1
"much,",1
smog,1
spyro,1
sternum,1
tko,1
turdcutter,1
punchy,1
(funhouse,1
"hulk,",1
bol,1
jbr,1
thud,1
ufc,1
hookerbot3000,1
003,1
006,1
scfcs,1
g.e.d,1
clodhopper,1
megster,1
steggo,1
005,1
"thunk,",1
"chestnut,",1
doot,1
008,1
009,1
004,1
herzog's,1
posey's,1
muskogee,1
"blob,",1
busu,1
rugged,1
etc.,1
tucked,1
b10,1
yokum's,1
puck,1
mccomb,1
"seemter,",1
superette,1
(red,1
rocks),1
boss's,1
'hung,1
lob,1
sho,1
solnedgång,1
gumee,1
through:,1
24.c,1
23.b,1
23.c.,1
24.b.,1
24.d.,1
spo…,1
stds,1
nerd,1
sexus,1
30.b,1
2018,1
"beekeeper,",1
"howl,",1
rynex,1
dyrexus,1
tests,1
"reef,",1
906,1
17.b,1
boot),1
whoops),1
stum…,1
crux),1
werx,1
chumbo,1
"holds,",1
p.g.,1
j.c.,1
mlf,1
hurtful,1
"prophet,",1
commodus,1
"dowry,",1
"lookout,",1
tnc,1
lovemember,1
"meck,",1
"mecke,",1
molt,1
24hhh,1
zeke's,1
(f***ed,1
cutts,1
grunger,1
(super,1
chops,1
supersoul,1
2up,1
kurbcheck,1
"bulb,",1
louse,1
goldmember,1
hulsey,1
project2,1
rhumb,1
"muse,",1
scrunchy,1
cthulhu's,1
‘em,1
out.,1
13:34,1
"prowt,",1
"gecko,",1
co),1
(c…,1
c'est...,1
flow!,1
"jet,",1
cbu,1
truckers,1
cuffs,1
nbdl,1
cryptkeeper,1
#26,1
bumpers,1
styx,1
smokejumper,1
1865,1
lodo,1
"5.12?),",1
hotlum,1
freesol,1
slops,1
l1),1
j3),1
j2),1
p5),1
c7),1
k4),1
busty,1
cuckoos,1
d2),1
g2),1
j.h.,1
esso,1
q1),1
q2),1
b2),1
b3),1
sperry,1
mounds,1
h1),1
m1),1
f3),1
f4),1
f5),1
whuuop!,1
(bb5),1
shep's,1
m5),1
f6),1
f7),1
h2),1
krunk,1
jdr,1
(hollywood,1
skeered,1
boogey,1
lurk,1
rhombuses,1
zoetrope,1
5.12d,1
5.13b,1
5.13c,1
5.13d,1
cuejo,1
bumboy,1
opt,1
v0's,1
cloth,1
pegmodo,1
f.t.,1
goldberry,1
heuco,1
(slope,1
seger,1
furrer's,1
hsb,1
(ho…,1
dmb,1
chossum,1
schmee,1
opossum,1
$18,1
"begun,",1
blogger,1
duece,1
pcp,1
"remedy,",1
emp,1
how's,1
grover,1
"sloth,",1
bocephus,1
osg,1
guy),1
lt.,1
folsom,1
blues),1
pls,1
240,1
fpm,1
mp1,1
mp2,1
expected,1
hutt's,1
molly's,1
ryne,1
er',1
fung,1
pete',1
terry's,1
sumyounguy,1
hucky,1
khmer,1
mogo,1
bud!,1
presumed,1
sewn,1
(t3),1
you’ve,1
wwjd,1
romulus,1
bees!,1
f*$k,1
wyrm,1
hygrometer,1
reroute,1
cukoos,1
boscherer,1
gogol,1
zeezus,1
merced,1
polypluker,1
buoy,1
"dunes,",1
culture),1
"cobb,",1
r.j.,1
"jessup,",1
"womb,",1
keegs,1
boosters,1
"kb,",1
"keegs,",1
sucked,1
tweeter,1
spurs),1
wrectum,1
s.o.b.,1
rolffed,1
looters,1
hos,1
"g's,",1
"empty,",1
'round,1
b.o.c.m,1
hobby,1
"pocketeer,",1
"probe,",1
cheep,1
poop'n,1
freed,1
surf),1
jomby,1
(28),1
(40),1
(41),1
pockets),1
tsr,1
(36),1
(30),1
(39),1
"(34),",1
(15),1
(14),1
(16),1
"(09),",1
shedu,1
mote,1
(13),1
(34),1
(22),1
(24),1
(29),1
gollum’s,1
(17),1
(33),1
"(32),",1
(31),1
(35),1
(20),1
(21),1
(27),1
(37),1
(38),1
"(35),",1
bush...,1
mungdungus,1
slumber,1
grudge,1
wosl,1
tweek's,1
(crs),1
"5.10c,",1
plow's,1
trou…,1
suckubus,1
(1c),1
pvt.,1
(1b),1
three),1
"feet.,",1
punctured,1
skånes,1
skål,1
wup,1
"""speed",1
"""spee…",1
zepher,1
(r.,1
hepc,1
souplust,1
lute's,1
perdy,1
rhodo,1
shrubbery!,1
"by,",1
"(project),",1
stdf,1
wocky,1
"eb,",1
"pumper),",1
"swung,",1
swung,1
humps,1
cerchunk,1
kosmos,1
hubby,1
dvt,1
etched,1
"shred,",1
freddys,1
frogger,1
bulo,1
bsd,1
gome,1
tuffnerd,1
[just,1
"ulysses,",1
bloodlust,1
(drf),1
m.t.p.,1
moufot's,1
oot,1
phoups,1
cox,1
f.y.d.,1
next…,1
t3h,1
h4rd,1
huck's,1
fehr,1
krull,1
courduroy,1
l0n3ly,1
hun73r),1
q.f.,1
chokey,1
spocker,1
solcross,1
"cube,",1
persecuted,1
prophete,1
shot”,1
perky's,1
“flue,1
rock!!,1
gobslutch,1
shooters,1
kneed,1
nutbutter's,1
gopherus,1
trey,1
floyd's,1
"""soul",1
wu!,1
kegs,1
smocke,1
d.w.,1
d.w.d.,1
koppers,1
gulp?,1
skookum,1
v7/8?,1
v6/7?,1
loess,1
10th,1
"pulpette,",1
hoods,1
buttplugs,1
5.11+),1
rexburg,1
shune's,1
"hush,",1
(home,1
womb),1
jugfest,1
bbcc,1
(blueberry,1
$3.99,1
v6/7,1
sprung,1
unwound,1
(qp),1
poop!,1
dubstep,1
pob,1
n.t.b.,1
rmsf,1
embryology,1
greyers,1
chop!,1
jesse's,1
houser,1
two's,1
rexy,1
bff,1
bmw,1
rbgh,1
nuevos,1
proks,1
merms,1
unbound,1
nbk,1
brownwood,1
"doozy,",1
prez,1
sours,1
beesechurger,1
"""eye",1
reputedly,1
refuses,1
"pedro,",1
bow…,1
"cheeks,",1
"lung,",1
keres,1
down.,1
colobus,1
folks,1
mugs,1
meeks,1
choosers,1
buttkutt,1
fly!,1
odysseus,1
polyphemus,1
be'shro,1
moos,1
murut,1
prey.,1
"dumbo,",1
stross,1
69th,1
subterfuge,1
rose's,1
preferred,1
kurtz,1
preserves,1
droopy,1
emerger,1
gomerwood,1
phetus,1
fembot,1
sextet,1
vmc,1
peppy's,1
reppys,1
t'es,1
j.r.'s,1
godspeed,1
schnee,1
gestern,1
cyn,1
chubb,1
ebber's,1
peets,1
junebug,1
bvd,1
fourty,1
petroglyph,1
over),1
"remembers,",1
muggy,1
ez's,1
"frog,",1
"cry,",1
"hug,",1
5.7/,1
fo…,1
cpr,1
"buffer,",1
oyster's,1
x.l.,1
lovett,1
"wez,",1
0.6,1
stretched,1
perseus,1
pooky),1
dubuko,1
turner's,1
"possessed,",1
thresher,1
7:30,1
v6+,1
jukebox,1
cloudburst,1
smee,1
upshot,1
lurch,1
courthouse,1
hmr,1
yooper,1
berke's,1
pump'n,1
sedum,1
though?,1
wound.,1
@#!,1
turned,1
streek,1
2003,1
"guess,",1
rundown,1
cower,1
"huff,",1
"puff,",1
"buy,",1
p.b.,1
studbucket,1
umberger,1
outy,1
*t),1
"wolves,",1
wo…,1
gu…,1
trees?,1
ross's,1
kgb,1
"""gun",1
pussyfoot,1
dd),1
ee),1
nn),1
esp,1
"future,",1
loves…,1
b.f.,1
eyebolt,1
gnu,1
flopsy,1
chloe,1
flr,1
mooswu,1
(byop),1
smooch,1
uu),1
f12,1
poosker's,1
"column,",1
2+2=5,1
whos,1
proxy,1
beerchuckers,1
"mummy,",1
thoughts...,1
must've,1
scholl's,1
"berry""",1
homegrown,1
fuzz's,1
**p1,1
pepe's,1
moloch:,1
slugshot,1
somebody,1
repose,1
nuggs,1
cotter's,1
mope,1
lolth,1
"clown,",1
kreuger,1
"joker,",1
(5.8,1
r/x),1
bunky's,1
breeze),1
(5.4),1
wolfy,1
kreme,1
truths),1
jerker,1
fuddy,1
mercury's,1
p.f.,1
spry,1
unlocked,1
zydygo,1
"meow,",1
steps...,1
'come,1
ugly.,1
(much,1
p.o.v.,1
myer,1
dogg,1
shutup,1
lostboys,1
emery,1
voll,1
tempus,1
sweeps,1
preppy's,1
blustery,1
beeker,1
neptune,1
cyberblock,1
dunn's,1
(most,1
98%,1
compost,1
"burrow,",1
m.l.k.,1
"folk,",1
project...,1
dumper,1
"skewer,",1
boo!,1
dolt,1
gretyl,1
buffoolo,1
nexus,1
sodbuster,1
713,1
s.o.s.,1
purebred,1
chloe's,1
shemp,1
funko,1
"crusher,",1
ooey,1
"""e"",",1
grovt,1
grouch,1
""":bob",1
pogues,1
pogue's,1
tso's,1
chompers,1
1096,1
breech,1
"mushroom,",1
trudy,1
rosebudd,1
pogy,1
wog,1
fum,1
stewed,1
ergo,1
dow,1
"(""someth…",1
ekg,1
s.e.b.,1
plunger,1
"mum),",1
dolph's,1
dumbo's,1
"dodger,",1
syko's,1
power?,1
"""guy's",1
"tempered,",1
npr,1
80%,1
keysteps,1
"luge,",1
slurry,1
p.o.s,1
negs,1
dunkey,1
ezgb,1
hock,1
russ,1
104.,1
#101,1
peggy's,1
999,1
ep2,1
"gypsy,",1
us.,1
"40,",1
clogged,1
poseurs,1
hosers,1
12ª,1
revers,1
"17,612",1
"godot""",1
herejes,1
dulfers,1
(750m,1
7b/m6),1
rockero,1
shutco,1
"pussy,",1
rurpture,1
pomey,1
good's,1
p.e.ness,1
"""j""",1
"weep,",1
dyos,1
xerxes,1
grody,1
reebok,1
plunk!,1
lb's,1
"cucumber,",1
"grope,",1
grungo,1
"stubby,",1
t.r.,1
70's,1
brooks/,1
5.14?,1
freezy,1
duex,1
chet's,1
moguls,1
kreuser's,1
phx,1
probed,1
et's,1
bomberos,1
emerge,1
"herp,",1
spermy,1
cod),1
bussey's,1
bus!,1
(0.5),1
ché,1
(cow,1
poop),1
bejuco,1
busco,1
pedo,1
pollón,1
1er,1
6b/+,1
kurpfkucher,1
foxtrott,1
jäger,1
fruscht,1
mungge,1
stek,1
untern,1
bgl,1
un,1
trombo,1
zéros,1
perdus,1
¿qué,1
cruz?,1
mumu,1
cupey,1
peke,1
crepúsculo,1
cerrote,1
60m,1
jesu,1
165m,1
120m,1
sòs,1
kotex,1
lnes,1
lomo,1
tete's,1
solo),1
"dos,",1
escoje,1
cuerpo,1
sly's,1
5:12b,1
"bro,",1
"12:30,",1
ducts,1
steve’s…,1
ches,1
e”),1
junt,1
stunner,1
euc,1
buckeroo,1
brujo,1
cooped,1
pusch,1
bryes,1
cupper,1
3:25,1
smokes!,1
promoted,1
"ex,",1
"mug,",1
fuc$er!,1
"'x',",1
regge,1
"5.12,",1
mushroom.,1
"bum,",1
lunged,1
grunged,1
"clutch,",1
goody,1
(s.f.r.),1
my…,1
nutter,1
foot),1
boots!,1
two!,1
(un,1
epoxy,1
lowry,1
‘ere,1
jh),1
"brozo,",1
keeth,1
kreg,1
sh!tshow,1
ucsb,1
getty,1
1964,1
"dx,",1
"coyote,",1
"howdy,",1
couture,1
(low!),1
"hunted,",1
get'r,1
(you're,1
"serf,",1
vesper,1
gyppo,1
tryst,1
jojo's,1
greyhound,1
freezerburn,1
"goodness,",1
crowned,1
project],1
chu?,1
2x4s,1
xfo,1
gtko,1
800,1
dog!,1
"duh,",1
bugg's,1
c.o.b.s.,1
express!,1
"try,",1
l'eggo,1
"boobs,",1
yost,1
see?,1
duress,1
"newcomer,",1
$%^,1
chemestry,1
fly'n,1
k.c.,1
bets,1
outers,1
"bounty,",1
rock…,1
geekus,1
good!,1
ve…,1
butternuts,1
outz,1
"nurse,",1
"purge,",1
cox's,1
dresdoom,1
t.l.,1
osos,1
rope!,1
p.2),1
eros,1
"guyver,",1
munger,1
"specter,",1
gcu,1
mezmeree,1
(sp?),1
tyco,1
d.o.e.,1
bopp,1
whopperly,1
persevere,1
lummox,1
vudoo,1
"""k""",1
huesos,1
kehough,1
tec,1
"""st…",1
petzl,1
nhervus,1
coombs,1
neopheete,1
petee,1
"""d""",1
fokkers,1
throught,1
berzerk,1
49er,1
hpl,1
"prosper,",1
pewter,1
tutu,1
homey,1
"100,000",1
"dust,",1
thund…,1
pops…,1
1815,1
mcd…,1
breef,1
poposer,1
roker's,1
p.d.w.,1
(pretty,1
western),1
props,1
huggys,1
"own,",1
zozo's,1
meteetsee,1
.338,1
sego,1
bcg,1
jessery,1
cheeses,1
p.b.r.,1
crossbow,1
ddd,1
glug,1
"glug,",1
se…,1
fpf,1
"""run""",1
5.999,1
wyo,1
burt's,1
bunney,1
prophet's,1
"outhouse,",1
6.63,1
smoots,1
chester's,1
schu,1
smucker's,1
mung,1
woger's,1
glotz,1
r.s.v.p.,1
"cloud,",1
hu$h,1
1.3,1
"""sloper",1
sherlocked,1
jumps!,1
funboy,1
bfb,1
bu…,1
kutcher,1
kutchers,1
k.b.k.,1
"stretcher,",1
fly),1
"chopper,",1
bobby’s,1
rdm,1
mcfuzz,1
otters,1
"bowbeg,",1
roos,1
juke,1
shouts,1
mbp,1
ruffed,1
"jew,",1
djs,1
extremes,1
cowpoke,1
“42”,1
"ez,",1
"stern,",1
5.1,1
+ulfberht+,1
sluggo,1
turk's,1
"pooper,",1
(#1,1
10/10/10,1
smoooth,1
ehhh,1
pushbroom,1
"dodge,",1
lochness,1
proper),1
"""why",1
"sucker,",1
"""yes!",1
eschew,1
2/3,1
oko,1
metres,1
grímur,1
stuð,1
stóru,1
pres,1
dulso,1
너랑나랑,1
(크로니),1
고독의길,1
sbc,1
고독의길…,1
(upper,1
heungbu,1
1997,1
chum),1
7547,1
beomgul,1
seokwoo,1
gecheok,1
turreted,1
야생화,1
하이캄,1
nur,1
sófus,1
teste,1
brodo,1
kælt,1
tælt,1
puškáš,1
böse,1
lug,1
hu…,1
(2093m),1
poste,1
s.t.n.r.n.r.,1
rupture,1
lmbu,1
potho,1
j.f.,1
jeunes,1
pères,1
duchesne,1
dreyfus,1
pompje,1
cho),1
yol,1
hotrod,1
jeb,1
"(5.5,",1
4b),1
"(5.6,",1
4c),1
guêpe,1
populos,1
geup,1
flouz.du,1
downer,1
grotte,1
mégot,1
rockflower,1
unpeg,1
whoosh,1
docs,1
t.n.t,1
'76,1
1991,1
gypo,1
j.d,1
slo…,1
"shop,",1
f'd,1
behemoth,1
ytp,1
'64,1
weyne,1
(8),1
fogo's,1
mok,1
(ko,1
dol,1
(yeo,1
bookdu,1
sulfureuse,1
myrrh,1
"grouse,",1
"ever,",1
비몽사몽,1
>>?<<,1
(by,1
gyu,1
(suho,1
(teuk,1
su),1
(hyung,1
seoyu,1
(ee,1
dok,1
heuk,1
s.m.c.,1
moses's,1
e411,1
tsetse,1
b.b,1
cfc,1
kokey,1
o'solo,1
e40,1
bozez,1
et...,1
rodolpho,1
thé,1
luky,1
32oz.,1
(hobo,1
[3rd,1
[2nd,1
(tunn…,1
sun],1
1911,1
shoyu,1
(fury),1
cerebrus,1
(south),1
gfp,1
supposed,1
seemed,1
rogue's,1
surd,1
west),1
clucks,1
kändy,1
körn,1
murffy,1
swee,1
[bulge,1
we…,1
oxy,1
s.c.r.u.b.,1
sunbreeze,1
floyds,1
(3rd,1
merest,1
route/lower,1
musk,1
ppe,1
slushy,1
g.n.r.,1
slog,1
tucks,1
schoolrom,1
beserker,1
fundus,1
5.12c/d,1
jeffe,1
(c.o.u.s.),1
"grudge,",1
gully?,1
m5?,1
flo',1
coldcocked,1
pepes,1
ludlow's,1
gropus,1
xote,1
peeves,1
love…,1
b.o.s.s.,1
server,1
prod,1
"dune,",1
345,1
smoothy,1
"thugly,",1
pesko,1
stryker,1
sky...,1
coug,1
cesspool,1
"coug,",1
werk,1
supp,1
werksupp,1
606,1
plummer's,1
structures,1
dnf,1
nne,1
"turkey,",1
(mt.,1
10x13,1
t.zero,1
"(9/7/10),",1
smoko,1
webb's,1
8x13,1
coxcomb,1
....,1
verve,1
food),1
yet...moe,1
"purpose,",1
browne,1
prune's,1
bounty),1
counterstroke,1
types,1
mrjr,1
dystrophy,1
runsholl,1
kluck,1
expe…,1
bloke,1
"t1),",1
"course,",1
"zot,",1
'ed,1
gospe…,1
clyncke,1
punched,1
e.l.100,1
krypt…,1
psycho!,1
tubesock,1
"ungoverned,",1
looses,1
muskets,1
(k3+),1
(k3),1
(1+1),1
(2+2),1
project!?!,1
peddy's,1
punkture,1
clown),1
"stroll,",1
nughuffer,1
(typo),1
loeb?,1
ge…,1
owner,1
99%,1
"flop,",1
pws,1
r.o.u.s.,1
"oculus,",1
goldshut,1
turd),1
project!!!,1
result,1
cluster's,1
166,1
"chews,",1
outnumbered,1
outgunned,1
ch3,1
bees!!!,1
bees?,1
comfy,1
kody,1
superb,1
"chert,",1
supe,1
dv8,1
"slob,",1
schmoo's,1
joke'em,1
mcgoo,1
mpo,1
(mo's,1
sbf,1
volo,1
boodog,1
unf..,1
ember,1
twlm,1
"mccoys,",1
pyre,1
(m…,1
purl,1
[outer,1
opry,1
gbd,1
ccd,1
frock,1
brooke,1
"bs,",1
returns],1
"hotness,",1
gueo,1
structure,1
buttress/5.7,1
1976,1
"foxy,",1
"sexy,",1
prowerful,1
mu.1,1
gm.1,1
gm.2,1
gm.3,1
skully,1
unkn!wn,1
dogs),1
skybosh,1
"19),",1
33),1
26),1
"guppy,",1
newberry's,1
terbush,1
junc,1
(meg’s,1
827,1
doughy,1
blog,1
"ref,",1
"egos,",1
phhht,1
"peeper,",1
'old,1
route',1
shotput,1
verm's,1
"buoy,",1
blocco,1
"nrb,",1
"gourd,",1
hooker:,1
"three,",1
homeschool,1
gourd,1
nws,1
hecht?,1
ute,1
moove,1
sed,1
scrubby's,1
cheese?,1
seebolt,1
bulbousness,1
bucko,1
"juggernut,",1
dough),1
coburn,1
unr,1
ye’,1
f*%k,1
d.d.p.,1
bête,1
fote,1
"lobster,",1
hern,1
j.d.,1
serf,1
whoopee,1
"combo,",1
k2r,1
gees,1
gullywog),1
c.c.,1
wedlock,1
1202,1
me),1
r1_,1
r2_,1
redwood,1
"brute,",1
buret,1
reverb,1
reverse),1
luxery,1
"trophy,",1
duckets,1
skeezer,1
l.v.m.w.d,1
pow!,1
cockblock,1
guntes,1
courtney's,1
beddo,1
meyers,1
m.u.,1
herberts,1
jetset,1
c.f.'s,1
800m,1
260m,1
gully’,1
400m,1
600m,1
holtgrefe,1
bulgy,1
"dress,",1
"yet,",1
meowzer,1
progreso,1
coop),1
eff,1
nymph's,1
rt60,1
humerous,1
multrum,1
c.f.m.f.,1
youth),1
loo,1
slumdog,1
popo,1
fuss,1
o'keefe,1
499,1
feets,1
pepboys,1
suggested,1
rou…,1
quoth,1
v50,1
perks,1
f.u.n.,1
r.m.l.,1
tm's,1
poppycock),1
lunch),1
ebgb's,1
h.r.,1
mccoys,1
tubs,1
mzm,1
pee?),1
doe…,1
(peyote),1
"bums,",1
euthyphro,1
102),1
sykes,1
uhh,1
"cult,",1
fester's,1
cho,1
exstrophy,1
smrz,1
provoz,1
p.o.s.,1
burke's,1
pugs,1
myrmecocystus,1
c*nt,1
n00ber,1
srepopers,1
dogmoose,1
182,1
976,1
"ernest,",1
overseer,1
"truck,",1
"setters,",1
gunshow,1
tuft,1
myers,1
"wound,",1
job),1
esx,1
krusty’s,1
tet,1
cowpuncher,1
joy),1
shuteye,1
nc17,1
3030,1
prolly,1
twos,1
w/cheese,1
cr…,1
flushes,1
"procuress,",1
womp,1
muffy,1
grey…,1
sooo,1
04.2,1
04.5,1
10.1,1
13.5,1
14.1,1
17.5,1
18.5,1
"sucks,",1
tycho,1
omer's,1
bld,1
drowned,1
hummock,1
cooty,1
ropest,1
170,1
foote,1
msg,1
rudolph,1
u.f.o.,1
fembots,1
"lurch,",1
5.12),1
tucker's,1
chockblock,1
prowd,1
thugz,1
retrobolted,1
roy…,1
"count,",1
b.c.'s,1
"source,",1
p90x,1
jog,1
europop,1
"p1,",1
g23,1
mog,1
j.g.,1
columbo,1
hdtv,1
(columbo,1
crumpus,1
kp's,1
home),1
eppy,1
10c?),1
breeze?,1
beke's,1
pops.,1
870,1
243,1
swoosh,1
threesome,1
hess,1
m11,1
sherbet,1
trever's,1
"flyer,",1
swoll,1
gurl,1
5.14,1
smugly,1
dunte,1
"solo,",1
e.c.b,1
boys.,1
vhb,1
"gutter,",1
dumped,1
vh1,1
trump's,1
j.t.m.b.p.,1
cho…,1
"prowe,",1
prowe,1
coccyx,1
oth,1
sylvester's,1
"voodoo,",1
perry's,1
ruckus),1
@$$,1
"pots,",1
cepheus,1
jcvd,1
"styx,",1
hotch,1
roth,1
look!,1
bundy,1
shyster,1
"shyster,",1
(rfmr),1
reek,1
greyjoy,1
goldy,1
mussy,1
glo,1
choppers,1
from…,1
excusez,1
dum…,1
superbolter,1
tuko,1
krump,1
lure,1
coz,1
"scoops,",1
s.h.p.,1
oldschool,1
rodgers,1
hurdy,1
gurdy,1
floe,1
(chuck,1
colosssus,1
"better!,",1
"shroom,",1
shrew),1
burk's,1
gk's,1
n.p.r.,1
slu'zers,1
"tupper,",1
lloyds,1
'em!,1
freshet,1
"1,000,000",1
burghers,1
serfs',1
whet,1
bumkey,1
me…,1
blf,1
3:16,1
kerr,1
zurg,1
"(tbd,",1
knumbchuck,1
"cthulhu,",1
berlys,1
"10lbs),",1
d.s.b,1
roddy,1
rmc,1
crowberry,1
phoebe,1
god.,1
hyjek's,1
nurse's,1
supper's,1
clods,1
wop,1
(cck),1
p's,1
bullfrog,1
eowyn,1
bodyrock,1
dunce's,1
looper,1
floops,1
"ok,",1
t.p.,1
(v7),1
(v5),1
pollock,1
(v0),1
"t.c.,",1
clune,1
hmnn,1
boxc…,1
murr…,1
(v4),1
reddy,1
unruly,1
puft,1
(5.12c),1
(5.12d),1
(5.10c),1
frets,1
fugue,1
bo'sun,1
ogopogo,1
jeckyll,1
"mccurdy,",1
"b.f.g.,",1
buzz),1
cobbs,1
herby,1
vested,1
"stroke,",1
t.t.t.,1
huck?,1
fgh),1
cud,1
mooo,1
cully's,1
occupy,1
plumed,1
bb),1
whomped,1
hopper's,1
coy,1
overdog,1
gob,1
rogers',1
us),1
"sheep,",1
should've,1
c3po,1
reserectus,1
"cuckoo,",1
"tr,",1
"me!,",1
5.11),1
yousuf's,1
(tbol),1
geez,1
rodney's,1
down's,1
jzero,1
luxury),1
mcnuggets,1
7:24,1
bood,1
gooky,1
"urge,",1
"seep,",1
shrugged,1
blow/joe,1
chesnut,1
l.r.j.,1
mopers,1
(red),1
(blue),1
14b,1
15b,1
dunes,1
woooop,1
"hooks,",1
z’s,1
"hern,",1
folly),1
rec,1
frostwolf,1
"webb,",1
rout,1
hydrotube,1
hexed,1
uppyer,1
phylynx,1
gloo,1
buttmunch,1
"boyscout,",1
"cubscout,",1
(round,1
prep,1
meowzers,1
skullduggery,1
snek,1
uterus,1
prouty,1
(good,1
grouse,1
speed),1
gsr,1
(pdr),1
return…,1
b.f.d.,1
tecnu,1
plywood,1
punters,1
sheesh,1
groove.,1
"hoe,",1
(lbo,1
sutured,1
buckbeek,1
vosd,1
ecce,1
shurs,1
extrême,1
"louse,",1
stubbl,1
kröger's,1
grover's,1
closter,1
rooked,1
floss?,1
"(p1),",1
unslung,1
boeuf,1
boef,1
suff,1
chossy?,1
"fuzz,",1
yolo,1
recherché,1
'fo,1
jeep's,1
freeum,1
"grouch,",1
rerouted,1
jeff’s,1
"dojo,",1
boombox,1
ocd),1
1886,1
ulr,1
e101,1
nest),1
resolve,1
doggos,1
dunk’n,1
fuky,1
keynes,1
scoop!,1
meryl's,1
bounced,1
este!,1
emmylou,1
"succubus,",1
"rejects,",1
hoggets,1
humm,1
trylo,1
sketchbook,1
wolfs,1
jugly,1
"burbot,",1
pyke,1
luche,1
79',1
"scoup,",1
(5.5),1
(5.7+),1
nuts),1
f.w.s.,1
petes,1
remember...,1
5/8,1
o.h.c.,1
"possum,",1
2007,1
bloodshed,1
punky,1
mythbuster,1
"closer,",1
bump.....,1
rt.4,1
1500,1
greet,1
dooo,1
b.you,1
g.chubby,1
h.perfect,1
routed,1
ferry,1
whoopy,1
"#4,",1
fuc…,1
cookout,1
s.l.t,1
"tryout,",1
hooves,1
"99),",1
101),1
"102),",1
103),1
tre,1
54),1
closest,1
unkn,1
shrubbery!!!,1
hobbes,1
bro's,1
kurty,1
12d,1
21),1
108),1
whope,1
11.5,1
12),1
13),1
kyg,1
0.1),1
muc…,1
09),1
08),1
03),1
whopee,1
"crunge,",1
01),1
02),1
04),1
07),1
05.5),1
06),1
06.5),1
55),1
51),1
52),1
53),1
gusher,1
unclung,1
reve,1
cholo,1
43),1
44),1
41),1
em'),1
bulldozers,1
"2),",1
byob,1
¿do,1
"sty,",1
hob,1
fuk,1
gunner,1
"pup,",1
147,1
edgehog,1
jug!,1
truck:,1
doo!,1
"""prow""]",1
"ups,",1
stef,1
severn,1
brolo,1
beef?,1
jj?,1
merckx,1
sturnum,1
sojourner,1
pressure:,1
scheme:,1
cutters,1
"booger,",1
cuberty,1
sump,1
peepee,1
"hotstepper,",1
upper?),1
muck,1
fuze,1
{crooked,1
mukluk,1
koch,1
gypsy),1
burners,1
y2k9,1
pushover,1
tut’s,1
5.0,1
scttb,1
(betty,1
duby,1
buteo,1
mcnugget,1
boop),1
grommet,1
cttb,1
"speech,",1
mugshot,1
rhombus,1
up,1
cuddly,1
wogs,1
scetchy,1
gems,1
fretful,1
dolph,1
exeter,1
e.o.c.,1
rosco,1
eds,1
osom,1
br'er,1
357,1
breezeblocks,1
reboot,1
mouseketeers,1
webster,1
"coveted,",1
covet,1
schultz,1
skunks,1
murk,1
1872,1
footsmerk,1
doozer,1
gunge,1
surette,1
"k1,k2,k3,k4,k5",1
futures,1
upsurge,1
dlm,1
grump,1
surveyer's,1
rectums,1
somebody's,1
guyot,1
greyer,1
tgv,1
5.2,1
yosh!,1
"v9,",1
stucco,1
"v6,",1
"v8,",1
crow!,1
brushes,1
"petroglyph,",1
5.8+pg,1
1893,1
5.8+pg…,1
skylour,1
"furrow,",1
huger,1
pg/r),1
r/x,1
20:13,1
possom,1
humphrey’s,1
e12,1
s**t,1
blobber,1
$20,1
"we,",1
"rock'n,",1
#1s,1
uses,1
mc1,1
popolo,1
smoosh,1
sxe,1
sn4tchbuckl3r,1
mostest,1
rope;,1
"bolts),",1
seeds!,1
blue!,1
1999,1
shredroom,1
respectfully,1
brusk,1
sundogs,1
11/12,1
gute,1
"robbery,",1
jmr,1
17th,1
weekly,1
cr1,1
cr2,1
wycked,1
mopy,1
sherbert,1
crockubot,1
tethys,1
"couldn't,",1
frylock,1
uff,1
feet?,1
"bus,",1
"number,",1
stemmed,1
plowed,1
slope),1
ferm,1
trumps,1
poppers,1
druce,1
us!,1
t.h.e.,1
ext…,1
dog?,1
goes…,1
old…,1
1057,1
"boot,",1
moob,1
wpp,1
route's,1
dodge's,1
pl…,1
scuff,1
poppy's,1
.10,1
spudz,1
owned,1
mehrete,1
powercut,1
c.p.o.d.,1
grumps,1
c.p.o.s.,1
rotert's,1
"herb,",1
"bert,",1
refugees,1
"tuff,",1
hogum's,1
cdft,1
hunch,1
hogum,1
geeze,1
goth,1
doze,1
3.2%,1
"berry,",1
dnr,1
jvs,1
eurochoss,1
pvuss,1
f/8,1
5.9d,1
tvc,1
"khrushchev,",1
"fever,",1
c4.,1
hep,1
groomers,1
thre,1
zzzzzzzz,1
geurt's,1
krumholtz,1
bufugly,1
refused,1
bosko,1
you'l…,1
ubud,1
fmr,1
"thumb,",1
flown,1
textbook,1
$70,1
coyne,1
ncmo,1
hedges,1
shockers,1
spectro,1
vrg,1
"drum,",1
d.p.o.s.,1
"6,615",1
breezy's,1
sumo's,1
crockpot,1
"rednecks,",1
[we,1
(where,1
poopshoot,1
(goss',1
pep's,1
gummer's,1
retro'd,1
'em,1
'em,1
t.h.c,1
"nerve,",1
mucus,1
hun,1
lopper,1
"burnt,",1
"skurge,",1
tuco,1
tuco's,1
rock!,1
clock),1
sumwhere,1
route:,1
strummer,1
60%,1
komodos,1
b.o.d,1
blurred,1
"11,158,",1
"route,""",1
slopbuckets,1
chockdust,1
djw,1
tubbs,1
erebus,1
gully/south,1
"dog),",1
509'ers,1
ogre's,1
over.,1
106,1
phoebus,1
gomer's,1
tuned,1
overthrow,1
burge,1
(upper),1
powerpuff,1
cookbook,1
buzzbomb,1
grtc,1
preserved,1
272,1
e/se,1
bse,1
feche,1
burn/west,1
col…,1
(v.,1
lucy’s,1
moby’s,1
pc7,1
fff,1
splood's,1
we’re,1
roundhouse),1
houseboy,1
kury,1
cockjob,1
colby,1
pollux,1
665,1
204,1
megos,1
30(1),1
"""smokey""",1
'je',1
closeout,1
wushu,1
(65),1
mj08,1
14er,1
shucker,1
stempy,1
bungee's,1
puppy!,1
stub,1
tussock,1
zygot,1
up:,1
opdyke's,1
gophers,1
crème,1
mcgurk,1
"duo,",1
(hunter,1
hydrology,1
"hydrology,",1
dougs,1
hump?,1
lubber,1
[hump,1
broody,1
bouche,1
201,1
jp's,1
17000,1
k'nex,1
covey,1
numbnuts?,1
skuck,1
coed,1
r.r.,1
overexposed,1
h.c.n,1
buckbrush,1
juj,1
muv,1
ruf,1
"hueco,",1
cologne,1
trew,1
sold,1
.9+,1
rosewood,1
fdv,1
vros,1
murdock,1
101:,1
bossy,1
cheesburger,1
fugs,1
cumbersome,1
lustrous,1
prufrock's,1
soup's,1
msr,1
scrooge,1
p.v.,1
overh…,1
reset,1
"uppercut,",1
flocculus,1
overgrowth,1
moss!,1
grouch's,1
ergometer,1
lungng,1
cool...,1
45°,1
crewl,1
overtujour,1
313,1
mmmm,1
sundrops,1
copter,1
mem…,1
omg!,1
polypro,1
presho,1
wow!,1
1902,1
voyer,1
hume,1
o.p.p.,1
420%,1
puddy's,1
bedrocker,1
buffeteers,1
homecooked,1
fooey,1
lol!,1
groovy!,1
pepe',1
jesco,1
"""poser",1
europee'n,1
trumpty,1
futter,1
c.u.p,1
g.f.p,1
wowzers,1
soyez,1
pew,1
jur…,1
out?,1
280,1
betwe…,1
sh…,1
guys!,1
beer'd,1
housed,1
weepers,1
pld,1
cntrl,1
bolt'n,1
......never,1
huevo's,1
scotts,1
pollly,1
rolly,1
1431,1
"jesse,",1
poco's,1
"flyest,",1
cloe,1
checked,1
50%,1
[closed],1
(v6,1
prower,1
semetery,1
urges,1
colbster's,1
eyes',1
west's,1
shoggoths,1
thruster,1
colour,1
cube's,1
specter's,1
punter's,1
ct7,1
"uh,",1
uwe,1
soloed,1
mungo,1
bruner,1
bootbuster,1
mutumbo,1
ross...,1
"(""30",1
(stem),1
hugh's,1
"her,",1
"foo,",1
s.o.m.b.e.,1
hoe's,1
neophyte's,1
c's,1
chets,1
mcjump,1
shrug,1
"spooky,",1
slc,1
fogs,1
berts,1
grovers,1
bd3,1
chucko's,1
scots,1
huss,1
shrek's,1
emmers,1
reppy,1
doldrum,1
bou…,1
powe…,1
perched,1
rested,1
sherlock,1
hmmmm,1
projct,1
needy,1
"(""route",1
jnco,1
kompot,1
smok…,1
bunnyhop,1
sst,1
tss,1
gulo,1
d.d.d,1
wept,1
root'n,1
smoot,1
bubo,1
jerrys',1
louge,1
30pts,1
soulfood,1
heffer,1
trouff,1
pocketeer,1
reduced,1
kolob,1
scuzlocks,1
dustbuster,1
bmos,1
scotty),1
fmdd,1
rebox,1
glock,1
move'em,1
gunshot,1
gutshot,1
thog's,1
howe/ross,1
rock:,1
creeker,1
"turk,",1
5.10tr),1
seoul,1
ouzo,1
s=k,1
yer',1
30th,1
sherd,1
suds,1
sum…,1
"nun,",1
bbc,1
"nut,",1
"dumpster,",1
brer,1
80th,1
boys',1
bobbys,1
gluru,1
tryout,1
"lunettes,",1
pourpes),1
fluffy's,1
"fluff,",1
fluffboys,1
"cowpuncher,",1
jogger,1
bunn…,1
blowdryer,1
sôl,1
"berserker,",1
hotbox,1
mopboys,1
gouger,1
(5.6),1
foods,1
supergoose,1
soul?,1
zoey's,1
zoes,1
hugged,1
.50,1
r.o.s.,1
kb5,1
(5.11b,1
(tr,1
(tr…,1
bolus,1
polk,1
bludd,1
clown's,1
retroshrub,1
wocket's,1
cubes,1
doose,1
"luke,",1
hetero,1
mossflower,1
ruess,1
187,1
"screwjob,",1
rod...,1
"old""",1
chevy's,1
homes,1
'll,1
shrub,1
kookoo,1
"reject,",1
"lunge,",1
schwerer,1
"hog,",1
c.f.b.,1
"creep,",1
gus’s,1
rock'em,1
sock'em,1
